[{"model": "admin.logentry", "pk": 1, "fields": {"action_time": "2024-10-25T04:06:14.304Z", "user": 1, "content_type": 15, "object_id": "1", "object_repr": "Recojo Daniel Taype - Plan Intermedio - 2024-10-25", "action_flag": 2, "change_message": "[{\"changed\": {\"fields\": [\"Administrador\"]}}]"}}, {"model": "admin.logentry", "pk": 2, "fields": {"action_time": "2024-10-25T04:23:10.025Z", "user": 1, "content_type": 15, "object_id": "2", "object_repr": "Recojo Daniel Taype - Plan Intermedio - 2024-10-25", "action_flag": 2, "change_message": "[{\"changed\": {\"fields\": [\"Administrador\"]}}]"}}, {"model": "admin.logentry", "pk": 3, "fields": {"action_time": "2024-10-25T04:29:07.112Z", "user": 1, "content_type": 15, "object_id": "3", "object_repr": "Recojo Daniel Taype - Plan Intermedio - 2024-10-25", "action_flag": 2, "change_message": "[{\"changed\": {\"fields\": [\"Administrador\"]}}]"}}, {"model": "admin.logentry", "pk": 4, "fields": {"action_time": "2024-10-25T04:39:14.816Z", "user": 1, "content_type": 15, "object_id": "4", "object_repr": "Recojo Daniel Taype - Plan Intermedio - 2024-10-25", "action_flag": 2, "change_message": "[{\"changed\": {\"fields\": [\"Administrador\"]}}]"}}, {"model": "admin.logentry", "pk": 5, "fields": {"action_time": "2024-10-25T21:14:53.340Z", "user": 1, "content_type": 14, "object_id": "1", "object_repr": "Daniel Taype - Plan Intermedio", "action_flag": 2, "change_message": "[{\"changed\": {\"fields\": [\"Recojos solicitados\"]}}]"}}, {"model": "admin.logentry", "pk": 6, "fields": {"action_time": "2024-10-26T04:20:04.963Z", "user": 1, "content_type": 14, "object_id": "1", "object_repr": "Daniel Taype - Plan Intermedio", "action_flag": 2, "change_message": "[{\"changed\": {\"fields\": [\"Recojos solicitados\"]}}]"}}, {"model": "admin.logentry", "pk": 7, "fields": {"action_time": "2024-10-30T15:51:55.582Z", "user": 1, "content_type": 10, "object_id": "1", "object_repr": "Cupon de Burguer King - 300 puntos", "action_flag": 2, "change_message": "[{\"changed\": {\"fields\": [\"Disponibilidad\"]}}]"}}, {"model": "admin.logentry", "pk": 8, "fields": {"action_time": "2024-10-30T15:52:00.622Z", "user": 1, "content_type": 10, "object_id": "2", "object_repr": "Cupon de KFC - 500 puntos", "action_flag": 2, "change_message": "[{\"changed\": {\"fields\": [\"Disponibilidad\"]}}]"}}, {"model": "admin.logentry", "pk": 9, "fields": {"action_time": "2024-10-30T15:52:04.925Z", "user": 1, "content_type": 10, "object_id": "3", "object_repr": "Cupon de Bembos - 400 puntos", "action_flag": 2, "change_message": "[{\"changed\": {\"fields\": [\"Disponibilidad\"]}}]"}}, {"model": "admin.logentry", "pk": 10, "fields": {"action_time": "2024-10-30T15:52:09.325Z", "user": 1, "content_type": 10, "object_id": "4", "object_repr": "Cupon de Milagros Spa - 600 puntos", "action_flag": 2, "change_message": "[{\"changed\": {\"fields\": [\"Disponibilidad\"]}}]"}}, {"model": "auth.permission", "pk": 1, "fields": {"name": "Can add log entry", "content_type": 1, "codename": "add_logentry"}}, {"model": "auth.permission", "pk": 2, "fields": {"name": "Can change log entry", "content_type": 1, "codename": "change_logentry"}}, {"model": "auth.permission", "pk": 3, "fields": {"name": "Can delete log entry", "content_type": 1, "codename": "delete_logentry"}}, {"model": "auth.permission", "pk": 4, "fields": {"name": "Can view log entry", "content_type": 1, "codename": "view_logentry"}}, {"model": "auth.permission", "pk": 5, "fields": {"name": "Can add permission", "content_type": 2, "codename": "add_permission"}}, {"model": "auth.permission", "pk": 6, "fields": {"name": "Can change permission", "content_type": 2, "codename": "change_permission"}}, {"model": "auth.permission", "pk": 7, "fields": {"name": "Can delete permission", "content_type": 2, "codename": "delete_permission"}}, {"model": "auth.permission", "pk": 8, "fields": {"name": "Can view permission", "content_type": 2, "codename": "view_permission"}}, {"model": "auth.permission", "pk": 9, "fields": {"name": "Can add group", "content_type": 3, "codename": "add_group"}}, {"model": "auth.permission", "pk": 10, "fields": {"name": "Can change group", "content_type": 3, "codename": "change_group"}}, {"model": "auth.permission", "pk": 11, "fields": {"name": "Can delete group", "content_type": 3, "codename": "delete_group"}}, {"model": "auth.permission", "pk": 12, "fields": {"name": "Can view group", "content_type": 3, "codename": "view_group"}}, {"model": "auth.permission", "pk": 13, "fields": {"name": "Can add user", "content_type": 4, "codename": "add_user"}}, {"model": "auth.permission", "pk": 14, "fields": {"name": "Can change user", "content_type": 4, "codename": "change_user"}}, {"model": "auth.permission", "pk": 15, "fields": {"name": "Can delete user", "content_type": 4, "codename": "delete_user"}}, {"model": "auth.permission", "pk": 16, "fields": {"name": "Can view user", "content_type": 4, "codename": "view_user"}}, {"model": "auth.permission", "pk": 17, "fields": {"name": "Can add content type", "content_type": 5, "codename": "add_contenttype"}}, {"model": "auth.permission", "pk": 18, "fields": {"name": "Can change content type", "content_type": 5, "codename": "change_contenttype"}}, {"model": "auth.permission", "pk": 19, "fields": {"name": "Can delete content type", "content_type": 5, "codename": "delete_contenttype"}}, {"model": "auth.permission", "pk": 20, "fields": {"name": "Can view content type", "content_type": 5, "codename": "view_contenttype"}}, {"model": "auth.permission", "pk": 21, "fields": {"name": "Can add session", "content_type": 6, "codename": "add_session"}}, {"model": "auth.permission", "pk": 22, "fields": {"name": "Can change session", "content_type": 6, "codename": "change_session"}}, {"model": "auth.permission", "pk": 23, "fields": {"name": "Can delete session", "content_type": 6, "codename": "delete_session"}}, {"model": "auth.permission", "pk": 24, "fields": {"name": "Can view session", "content_type": 6, "codename": "view_session"}}, {"model": "auth.permission", "pk": 25, "fields": {"name": "Can add usuario", "content_type": 7, "codename": "add_usuario"}}, {"model": "auth.permission", "pk": 26, "fields": {"name": "Can change usuario", "content_type": 7, "codename": "change_usuario"}}, {"model": "auth.permission", "pk": 27, "fields": {"name": "Can delete usuario", "content_type": 7, "codename": "delete_usuario"}}, {"model": "auth.permission", "pk": 28, "fields": {"name": "Can view usuario", "content_type": 7, "codename": "view_usuario"}}, {"model": "auth.permission", "pk": 29, "fields": {"name": "Can add plan", "content_type": 8, "codename": "add_plan"}}, {"model": "auth.permission", "pk": 30, "fields": {"name": "Can change plan", "content_type": 8, "codename": "change_plan"}}, {"model": "auth.permission", "pk": 31, "fields": {"name": "Can delete plan", "content_type": 8, "codename": "delete_plan"}}, {"model": "auth.permission", "pk": 32, "fields": {"name": "Can view plan", "content_type": 8, "codename": "view_plan"}}, {"model": "auth.permission", "pk": 33, "fields": {"name": "Can add pago", "content_type": 9, "codename": "add_pago"}}, {"model": "auth.permission", "pk": 34, "fields": {"name": "Can change pago", "content_type": 9, "codename": "change_pago"}}, {"model": "auth.permission", "pk": 35, "fields": {"name": "Can delete pago", "content_type": 9, "codename": "delete_pago"}}, {"model": "auth.permission", "pk": 36, "fields": {"name": "Can view pago", "content_type": 9, "codename": "view_pago"}}, {"model": "auth.permission", "pk": 37, "fields": {"name": "Can add cupon", "content_type": 10, "codename": "add_cupon"}}, {"model": "auth.permission", "pk": 38, "fields": {"name": "Can change cupon", "content_type": 10, "codename": "change_cupon"}}, {"model": "auth.permission", "pk": 39, "fields": {"name": "Can delete cupon", "content_type": 10, "codename": "delete_cupon"}}, {"model": "auth.permission", "pk": 40, "fields": {"name": "Can view cupon", "content_type": 10, "codename": "view_cupon"}}, {"model": "auth.permission", "pk": 41, "fields": {"name": "Can add tipo_ usuario", "content_type": 11, "codename": "add_tipo_usuario"}}, {"model": "auth.permission", "pk": 42, "fields": {"name": "Can change tipo_ usuario", "content_type": 11, "codename": "change_tipo_usuario"}}, {"model": "auth.permission", "pk": 43, "fields": {"name": "Can delete tipo_ usuario", "content_type": 11, "codename": "delete_tipo_usuario"}}, {"model": "auth.permission", "pk": 44, "fields": {"name": "Can view tipo_ usuario", "content_type": 11, "codename": "view_tipo_usuario"}}, {"model": "auth.permission", "pk": 45, "fields": {"name": "Can add trayectoria", "content_type": 12, "codename": "add_trayectoria"}}, {"model": "auth.permission", "pk": 46, "fields": {"name": "Can change trayectoria", "content_type": 12, "codename": "change_trayectoria"}}, {"model": "auth.permission", "pk": 47, "fields": {"name": "Can delete trayectoria", "content_type": 12, "codename": "delete_trayectoria"}}, {"model": "auth.permission", "pk": 48, "fields": {"name": "Can view trayectoria", "content_type": 12, "codename": "view_trayectoria"}}, {"model": "auth.permission", "pk": 49, "fields": {"name": "Can add recojo", "content_type": 13, "codename": "add_recojo"}}, {"model": "auth.permission", "pk": 50, "fields": {"name": "Can change recojo", "content_type": 13, "codename": "change_recojo"}}, {"model": "auth.permission", "pk": 51, "fields": {"name": "Can delete recojo", "content_type": 13, "codename": "delete_recojo"}}, {"model": "auth.permission", "pk": 52, "fields": {"name": "Can view recojo", "content_type": 13, "codename": "view_recojo"}}, {"model": "auth.permission", "pk": 53, "fields": {"name": "Can add gestor plan", "content_type": 14, "codename": "add_gestorplan"}}, {"model": "auth.permission", "pk": 54, "fields": {"name": "Can change gestor plan", "content_type": 14, "codename": "change_gestorplan"}}, {"model": "auth.permission", "pk": 55, "fields": {"name": "Can delete gestor plan", "content_type": 14, "codename": "delete_gestorplan"}}, {"model": "auth.permission", "pk": 56, "fields": {"name": "Can view gestor plan", "content_type": 14, "codename": "view_gestorplan"}}, {"model": "auth.permission", "pk": 57, "fields": {"name": "Can add recojo_trayectoria", "content_type": 15, "codename": "add_recojo_trayectoria"}}, {"model": "auth.permission", "pk": 58, "fields": {"name": "Can change recojo_trayectoria", "content_type": 15, "codename": "change_recojo_trayectoria"}}, {"model": "auth.permission", "pk": 59, "fields": {"name": "Can delete recojo_trayectoria", "content_type": 15, "codename": "delete_recojo_trayectoria"}}, {"model": "auth.permission", "pk": 60, "fields": {"name": "Can view recojo_trayectoria", "content_type": 15, "codename": "view_recojo_trayectoria"}}, {"model": "auth.permission", "pk": 61, "fields": {"name": "Can add codigo invitacion", "content_type": 16, "codename": "add_codigoinvitacion"}}, {"model": "auth.permission", "pk": 62, "fields": {"name": "Can change codigo invitacion", "content_type": 16, "codename": "change_codigoinvitacion"}}, {"model": "auth.permission", "pk": 63, "fields": {"name": "Can delete codigo invitacion", "content_type": 16, "codename": "delete_codigoinvitacion"}}, {"model": "auth.permission", "pk": 64, "fields": {"name": "Can view codigo invitacion", "content_type": 16, "codename": "view_codigoinvitacion"}}, {"model": "auth.permission", "pk": 65, "fields": {"name": "Can add gestor cupon", "content_type": 17, "codename": "add_gestorcupon"}}, {"model": "auth.permission", "pk": 66, "fields": {"name": "Can change gestor cupon", "content_type": 17, "codename": "change_gestorcupon"}}, {"model": "auth.permission", "pk": 67, "fields": {"name": "Can delete gestor cupon", "content_type": 17, "codename": "delete_gestorcupon"}}, {"model": "auth.permission", "pk": 68, "fields": {"name": "Can view gestor cupon", "content_type": 17, "codename": "view_gestorcupon"}}, {"model": "auth.user", "pk": 1, "fields": {"password": "pbkdf2_sha256$870000$pTRWGMYR99KhjOGcjt4j1j$q044+gwVgy4g3K3Kd0BIRk43l9xHC99amLSj61Y1SEs=", "last_login": "2024-10-23T17:02:35.110Z", "is_superuser": true, "username": "daniel", "first_name": "", "last_name": "", "email": "danieltaype68@outlook.com", "is_staff": true, "is_active": true, "date_joined": "2024-10-23T16:53:34.284Z", "groups": [], "user_permissions": []}}, {"model": "contenttypes.contenttype", "pk": 1, "fields": {"app_label": "admin", "model": "logentry"}}, {"model": "contenttypes.contenttype", "pk": 2, "fields": {"app_label": "auth", "model": "permission"}}, {"model": "contenttypes.contenttype", "pk": 3, "fields": {"app_label": "auth", "model": "group"}}, {"model": "contenttypes.contenttype", "pk": 4, "fields": {"app_label": "auth", "model": "user"}}, {"model": "contenttypes.contenttype", "pk": 5, "fields": {"app_label": "contenttypes", "model": "contenttype"}}, {"model": "contenttypes.contenttype", "pk": 6, "fields": {"app_label": "sessions", "model": "session"}}, {"model": "contenttypes.contenttype", "pk": 7, "fields": {"app_label": "back", "model": "usuario"}}, {"model": "contenttypes.contenttype", "pk": 8, "fields": {"app_label": "back", "model": "plan"}}, {"model": "contenttypes.contenttype", "pk": 9, "fields": {"app_label": "back", "model": "pago"}}, {"model": "contenttypes.contenttype", "pk": 10, "fields": {"app_label": "back", "model": "cupon"}}, {"model": "contenttypes.contenttype", "pk": 11, "fields": {"app_label": "back", "model": "tipo_usuario"}}, {"model": "contenttypes.contenttype", "pk": 12, "fields": {"app_label": "back", "model": "trayectoria"}}, {"model": "contenttypes.contenttype", "pk": 13, "fields": {"app_label": "back", "model": "recojo"}}, {"model": "contenttypes.contenttype", "pk": 14, "fields": {"app_label": "back", "model": "gestorplan"}}, {"model": "contenttypes.contenttype", "pk": 15, "fields": {"app_label": "back", "model": "recojo_trayectoria"}}, {"model": "contenttypes.contenttype", "pk": 16, "fields": {"app_label": "back", "model": "codigoinvitacion"}}, {"model": "contenttypes.contenttype", "pk": 17, "fields": {"app_label": "back", "model": "gestorcupon"}}, {"model": "sessions.session", "pk": "bgg45yavcx7ihnqy2ebpjfws7gkbqxi3", "fields": {"session_data": ".eJxVjEEOwiAQRe_C2hDAkaEu3fcMBIZBqoYmpV0Z7y5NutDtf-_9t_BhW4vfGi9-SuIqtDj9bjHQk-sO0iPU-yxprusyRbkr8qBNjnPi1-1w_w5KaKXXwCoCDYAK8gUHC4a1NkjOBnQRMimNiju1DlI-W0STogIg0-2cWXy-uP829A:1t3its:dd3cFaMg4jaU3oJc-VX9y5AVzJW28mT1ASSFPkJGMIA", "expire_date": "2024-11-06T21:28:16.458Z"}}, {"model": "sessions.session", "pk": "bx5gue5idy93t39m66esrvrojl9gi5e9", "fields": {"session_data": ".eJxVjEEOwiAQRe_C2hDAkaEu3fcMBIZBqoYmpV0Z7y5NutDtf-_9t_BhW4vfGi9-SuIqtDj9bjHQk-sO0iPU-yxprusyRbkr8qBNjnPi1-1w_w5KaKXXwCoCDYAK8gUHC4a1NkjOBnQRMimNiju1DlI-W0STogIg0-2cWXy-uP829A:1t3ekl:_h2UbZUcYxpVFyRa6f2_i-TIpJZMQnvWTTY02dlkG90", "expire_date": "2024-11-06T17:02:35.113Z"}}, {"model": "back.tipo_usuario", "pk": 1, "fields": {"tipo": "Cliente"}}, {"model": "back.tipo_usuario", "pk": 2, "fields": {"tipo": "Administrador"}}, {"model": "back.usuario", "pk": 1, "fields": {"nombre": "Patrick", "apellido": "Leon", "direccion": "Av la Molina", "numero_contacto": "987456123", "DNI": "78945612", "genero": "Hombre", "email": "patrick@outlook.com", "contrasena": "hola1234", "puntaje_acumulado": 0, "tipousuario": 2}}, {"model": "back.usuario", "pk": 2, "fields": {"nombre": "Daniel", "apellido": "Taype", "direccion": "Av los Nogales 274", "numero_contacto": "920592000", "DNI": "72837648", "genero": "Hombre", "email": "daniel@outlook.com", "contrasena": "hola1234", "puntaje_acumulado": 450, "tipousuario": 1}}, {"model": "back.cupon", "pk": 1, "fields": {"costo_puntos": 300, "local": "Burguer King", "descripcion": "!Aprovecha esta mega promo! Llevate un descuento de 15% por tan solo 300 puntos. Valido para consumir en salon", "descuento": 15.0, "imagen": "https://vidatos.com/wp-content/uploads/burger-king.webp", "disponibilidad": 0}}, {"model": "back.cupon", "pk": 2, "fields": {"costo_puntos": 500, "local": "KFC", "descripcion": "!Aprovecha esta mega promo! Llevate un descuento de 25% por tan solo 500 puntos. Valido para consumir en salon", "descuento": 25.0, "imagen": "https://deliveryenperu.com/wp-content/uploads/2021/11/KFC-Logo.png", "disponibilidad": 0}}, {"model": "back.cupon", "pk": 3, "fields": {"costo_puntos": 400, "local": "Bembos", "descripcion": "!Aprovecha esta mega promo! Llevate un descuento de 20% por tan solo 400 puntos. Valido para consumir en salon", "descuento": 20.0, "imagen": "https://encrypted-tbn0.gstatic.com/images?q=tbn:ANd9GcS035p3ZInM-nb2P8dygx2YMSFY_5XEk69msQ&s", "disponibilidad": 0}}, {"model": "back.cupon", "pk": 4, "fields": {"costo_puntos": 600, "local": "Milagros Spa", "descripcion": "!Aprovecha este descuento! Llevate un descuento de 20% por tan solo 600 puntos. Valido para consumir en salon", "descuento": 20.0, "imagen": "https://encrypted-tbn0.gstatic.com/images?q=tbn:ANd9GcQjJQ_A77D3grwtHTjTAVo33GotAv0VGbLooQ&s", "disponibilidad": 0}}, {"model": "back.gestorcupon", "pk": 1, "fields": {"usuario": 2, "cupon": 1}}, {"model": "back.trayectoria", "pk": 1, "fields": {"estado": "1"}}, {"model": "back.trayectoria", "pk": 2, "fields": {"estado": "2"}}, {"model": "back.trayectoria", "pk": 3, "fields": {"estado": "3"}}, {"model": "back.trayectoria", "pk": 4, "fields": {"estado": "4"}}, {"model": "back.pago", "pk": 1, "fields": {"estado": "Completado", "metodo_pago": "Yape", "fecha_pago": "2024-10-23"}}, {"model": "back.plan", "pk": 1, "fields": {"nombre": "Plan Basico", "imagen": "https://irp.cdn-website.com/777d988b/dms3rep/multi/recoleccion-de-basura-programada-seredecom.jpg", "descripcion": "Plan de recoleccion basica.", "precio": 29.0, "aserrin": 1, "baldes": 1, "duracion": 30, "frecuencia_recojo": 1, "cantidad_compostaje": 1.0, "puntos_plan": 100}}, {"model": "back.plan", "pk": 2, "fields": {"nombre": "Plan Intermedio", "imagen": "https://irp.cdn-website.com/777d988b/dms3rep/multi/recoleccion-de-basura-programada-seredecom.jpg", "descripcion": "Plan de recoleccion intermedia.", "precio": 50.0, "aserrin": 1, "baldes": 1, "duracion": 30, "frecuencia_recojo": 2, "cantidad_compostaje": 2.0, "puntos_plan": 150}}, {"model": "back.plan", "pk": 3, "fields": {"nombre": "Plan Avanzado", "imagen": "https://irp.cdn-website.com/777d988b/dms3rep/multi/recoleccion-de-basura-programada-seredecom.jpg", "descripcion": "Plan de recoleccion avanzado.", "precio": 69.0, "aserrin": 1, "baldes": 1, "duracion": 30, "frecuencia_recojo": 4, "cantidad_compostaje": 4.0, "puntos_plan": 200}}, {"model": "back.plan", "pk": 4, "fields": {"nombre": "Plan Premium", "imagen": "https://irp.cdn-website.com/777d988b/dms3rep/multi/recoleccion-de-basura-programada-seredecom.jpg", "descripcion": "Plan de recoleccion premium.", "precio": 89.0, "aserrin": 2, "baldes": 2, "duracion": 30, "frecuencia_recojo": 4, "cantidad_compostaje": 8.0, "puntos_plan": 250}}, {"model": "back.gestorplan", "pk": 1, "fields": {"usuario": 2, "plan": 2, "pago": 1, "recojos_solicitados": 2}}, {"model": "back.recojo", "pk": 1, "fields": {"fecha_ingreso": "2024-10-25", "fecha_salida": "2024-10-25", "activo": false, "gestor_plan": 1}}, {"model": "back.recojo", "pk": 2, "fields": {"fecha_ingreso": "2024-10-25", "fecha_salida": "2024-10-25", "activo": false, "gestor_plan": 1}}, {"model": "back.recojo", "pk": 3, "fields": {"fecha_ingreso": "2024-10-25", "fecha_salida": null, "activo": false, "gestor_plan": 1}}, {"model": "back.recojo", "pk": 4, "fields": {"fecha_ingreso": "2024-10-25", "fecha_salida": null, "activo": false, "gestor_plan": 1}}, {"model": "back.recojo", "pk": 5, "fields": {"fecha_ingreso": "2024-10-26", "fecha_salida": null, "activo": false, "gestor_plan": 1}}, {"model": "back.recojo", "pk": 6, "fields": {"fecha_ingreso": "2024-10-26", "fecha_salida": null, "activo": false, "gestor_plan": 1}}, {"model": "back.recojo", "pk": 7, "fields": {"fecha_ingreso": "2024-10-26", "fecha_salida": null, "activo": false, "gestor_plan": 1}}, {"model": "back.recojo", "pk": 8, "fields": {"fecha_ingreso": "2024-10-27", "fecha_salida": "2024-10-26", "activo": false, "gestor_plan": 1}}, {"model": "back.recojo_trayectoria", "pk": 1, "fields": {"estado_ingreso": "2024-10-25T04:03:13Z", "recojo": 1, "trayectoria": 1, "administrador": 1}}, {"model": "back.recojo_trayectoria", "pk": 2, "fields": {"estado_ingreso": "2024-10-25T04:22:15Z", "recojo": 1, "trayectoria": 2, "administrador": 1}}, {"model": "back.recojo_trayectoria", "pk": 3, "fields": {"estado_ingreso": "2024-10-25T04:25:38Z", "recojo": 1, "trayectoria": 3, "administrador": 1}}, {"model": "back.recojo_trayectoria", "pk": 4, "fields": {"estado_ingreso": "2024-10-25T04:38:04Z", "recojo": 1, "trayectoria": 4, "administrador": 1}}, {"model": "back.recojo_trayectoria", "pk": 5, "fields": {"estado_ingreso": "2024-10-25T20:21:57Z", "recojo": 2, "trayectoria": 1, "administrador": null}}, {"model": "back.recojo_trayectoria", "pk": 6, "fields": {"estado_ingreso": "2024-10-25T20:22:31.315Z", "recojo": 2, "trayectoria": 2, "administrador": 1}}, {"model": "back.recojo_trayectoria", "pk": 7, "fields": {"estado_ingreso": "2024-10-25T20:22:51.477Z", "recojo": 2, "trayectoria": 3, "administrador": 1}}, {"model": "back.recojo_trayectoria", "pk": 8, "fields": {"estado_ingreso": "2024-10-25T20:27:46.616Z", "recojo": 2, "trayectoria": 4, "administrador": 1}}, {"model": "back.recojo_trayectoria", "pk": 9, "fields": {"estado_ingreso": "2024-10-25T21:15:05Z", "recojo": 3, "trayectoria": 1, "administrador": null}}, {"model": "back.recojo_trayectoria", "pk": 10, "fields": {"estado_ingreso": "2024-10-25T21:23:11Z", "recojo": 4, "trayectoria": 1, "administrador": null}}, {"model": "back.recojo_trayectoria", "pk": 11, "fields": {"estado_ingreso": "2024-10-26T04:20:07Z", "recojo": 5, "trayectoria": 1, "administrador": null}}, {"model": "back.recojo_trayectoria", "pk": 12, "fields": {"estado_ingreso": "2024-10-26T04:23:15Z", "recojo": 6, "trayectoria": 1, "administrador": null}}, {"model": "back.recojo_trayectoria", "pk": 13, "fields": {"estado_ingreso": "2024-10-26T04:23:28Z", "recojo": 7, "trayectoria": 1, "administrador": null}}, {"model": "back.recojo_trayectoria", "pk": 14, "fields": {"estado_ingreso": "2024-10-27T01:53:45Z", "recojo": 8, "trayectoria": 1, "administrador": null}}, {"model": "back.recojo_trayectoria", "pk": 15, "fields": {"estado_ingreso": "2024-10-27T01:54:29.511Z", "recojo": 8, "trayectoria": 2, "administrador": null}}, {"model": "back.recojo_trayectoria", "pk": 16, "fields": {"estado_ingreso": "2024-10-27T01:54:33.384Z", "recojo": 8, "trayectoria": 3, "administrador": 1}}, {"model": "back.recojo_trayectoria", "pk": 17, "fields": {"estado_ingreso": "2024-10-27T01:54:34.883Z", "recojo": 8, "trayectoria": 4, "administrador": 1}}]