[{"model": "admin.logentry", "pk": 1, "fields": {"action_time": "2024-10-25T04:06:14.304Z", "user": 1, "content_type": 15, "object_id": "1", "object_repr": "Recojo Daniel Taype - Plan Intermedio - 2024-10-25", "action_flag": 2, "change_message": "[{\"changed\": {\"fields\": [\"Administrador\"]}}]"}}, {"model": "admin.logentry", "pk": 2, "fields": {"action_time": "2024-10-25T04:23:10.025Z", "user": 1, "content_type": 15, "object_id": "2", "object_repr": "Recojo Daniel Taype - Plan Intermedio - 2024-10-25", "action_flag": 2, "change_message": "[{\"changed\": {\"fields\": [\"Administrador\"]}}]"}}, {"model": "admin.logentry", "pk": 3, "fields": {"action_time": "2024-10-25T04:29:07.112Z", "user": 1, "content_type": 15, "object_id": "3", "object_repr": "Recojo Daniel Taype - Plan Intermedio - 2024-10-25", "action_flag": 2, "change_message": "[{\"changed\": {\"fields\": [\"Administrador\"]}}]"}}, {"model": "admin.logentry", "pk": 4, "fields": {"action_time": "2024-10-25T04:39:14.816Z", "user": 1, "content_type": 15, "object_id": "4", "object_repr": "Recojo Daniel Taype - Plan Intermedio - 2024-10-25", "action_flag": 2, "change_message": "[{\"changed\": {\"fields\": [\"Administrador\"]}}]"}}, {"model": "admin.logentry", "pk": 5, "fields": {"action_time": "2024-10-25T21:14:53.340Z", "user": 1, "content_type": 14, "object_id": "1", "object_repr": "Daniel Taype - Plan Intermedio", "action_flag": 2, "change_message": "[{\"changed\": {\"fields\": [\"Recojos solicitados\"]}}]"}}, {"model": "admin.logentry", "pk": 6, "fields": {"action_time": "2024-10-26T04:20:04.963Z", "user": 1, "content_type": 14, "object_id": "1", "object_repr": "Daniel Taype - Plan Intermedio", "action_flag": 2, "change_message": "[{\"changed\": {\"fields\": [\"Recojos solicitados\"]}}]"}}, {"model": "admin.logentry", "pk": 7, "fields": {"action_time": "2024-10-30T15:51:55.582Z", "user": 1, "content_type": 10, "object_id": "1", "object_repr": "Cupon de Burguer King - 300 puntos", "action_flag": 2, "change_message": "[{\"changed\": {\"fields\": [\"Disponibilidad\"]}}]"}}, {"model": "admin.logentry", "pk": 8, "fields": {"action_time": "2024-10-30T15:52:00.622Z", "user": 1, "content_type": 10, "object_id": "2", "object_repr": "Cupon de KFC - 500 puntos", "action_flag": 2, "change_message": "[{\"changed\": {\"fields\": [\"Disponibilidad\"]}}]"}}, {"model": "admin.logentry", "pk": 9, "fields": {"action_time": "2024-10-30T15:52:04.925Z", "user": 1, "content_type": 10, "object_id": "3", "object_repr": "Cupon de Bembos - 400 puntos", "action_flag": 2, "change_message": "[{\"changed\": {\"fields\": [\"Disponibilidad\"]}}]"}}, {"model": "admin.logentry", "pk": 10, "fields": {"action_time": "2024-10-30T15:52:09.325Z", "user": 1, "content_type": 10, "object_id": "4", "object_repr": "Cupon de Milagros Spa - 600 puntos", "action_flag": 2, "change_message": "[{\"changed\": {\"fields\": [\"Disponibilidad\"]}}]"}}, {"model": "admin.logentry", "pk": 11, "fields": {"action_time": "2024-10-30T19:43:00.400Z", "user": 1, "content_type": 10, "object_id": "1", "object_repr": "Cupon de Burguer King - 300 puntos", "action_flag": 2, "change_message": "[{\"changed\": {\"fields\": [\"Disponibilidad\"]}}]"}}, {"model": "admin.logentry", "pk": 12, "fields": {"action_time": "2024-10-30T19:43:07.670Z", "user": 1, "content_type": 10, "object_id": "2", "object_repr": "Cupon de KFC - 500 puntos", "action_flag": 2, "change_message": "[{\"changed\": {\"fields\": [\"Disponibilidad\"]}}]"}}, {"model": "admin.logentry", "pk": 13, "fields": {"action_time": "2024-10-30T19:43:14.783Z", "user": 1, "content_type": 10, "object_id": "3", "object_repr": "Cupon de Bembos - 400 puntos", "action_flag": 2, "change_message": "[{\"changed\": {\"fields\": [\"Disponibilidad\"]}}]"}}, {"model": "admin.logentry", "pk": 14, "fields": {"action_time": "2024-10-30T19:43:25.065Z", "user": 1, "content_type": 10, "object_id": "4", "object_repr": "Cupon de Milagros Spa - 600 puntos", "action_flag": 2, "change_message": "[{\"changed\": {\"fields\": [\"Disponibilidad\"]}}]"}}, {"model": "admin.logentry", "pk": 15, "fields": {"action_time": "2024-10-30T20:27:55.509Z", "user": 1, "content_type": 7, "object_id": "2", "object_repr": "Daniel Taype", "action_flag": 2, "change_message": "[{\"changed\": {\"fields\": [\"Puntaje acumulado\"]}}]"}}, {"model": "admin.logentry", "pk": 16, "fields": {"action_time": "2024-10-30T20:41:48.336Z", "user": 1, "content_type": 7, "object_id": "2", "object_repr": "Daniel Taype", "action_flag": 2, "change_message": "[{\"changed\": {\"fields\": [\"Puntaje acumulado\"]}}]"}}, {"model": "admin.logentry", "pk": 17, "fields": {"action_time": "2024-10-30T21:01:07.037Z", "user": 1, "content_type": 10, "object_id": "1", "object_repr": "Cupon de Burguer King - 300 puntos", "action_flag": 2, "change_message": "[{\"changed\": {\"fields\": [\"Disponibilidad\"]}}]"}}, {"model": "admin.logentry", "pk": 18, "fields": {"action_time": "2024-10-30T21:01:13.015Z", "user": 1, "content_type": 10, "object_id": "2", "object_repr": "Cupon de KFC - 500 puntos", "action_flag": 2, "change_message": "[{\"changed\": {\"fields\": [\"Disponibilidad\"]}}]"}}, {"model": "admin.logentry", "pk": 19, "fields": {"action_time": "2024-10-30T21:01:20.217Z", "user": 1, "content_type": 10, "object_id": "3", "object_repr": "Cupon de Bembos - 400 puntos", "action_flag": 2, "change_message": "[{\"changed\": {\"fields\": [\"Disponibilidad\"]}}]"}}, {"model": "admin.logentry", "pk": 20, "fields": {"action_time": "2024-10-31T03:11:17.084Z", "user": 1, "content_type": 7, "object_id": "2", "object_repr": "Daniel Taype", "action_flag": 2, "change_message": "[{\"changed\": {\"fields\": [\"Puntaje acumulado\"]}}]"}}, {"model": "admin.logentry", "pk": 21, "fields": {"action_time": "2024-10-31T03:13:24.106Z", "user": 1, "content_type": 14, "object_id": "1", "object_repr": "Daniel Taype - Plan Intermedio", "action_flag": 2, "change_message": "[{\"changed\": {\"fields\": [\"Recojos solicitados\"]}}]"}}, {"model": "admin.logentry", "pk": 22, "fields": {"action_time": "2024-11-03T22:47:48.812Z", "user": 1, "content_type": 17, "object_id": "11", "object_repr": "Daniel Taype - Cupon de Burguer King - 300 puntos", "action_flag": 3, "change_message": ""}}, {"model": "admin.logentry", "pk": 23, "fields": {"action_time": "2024-11-03T22:47:48.812Z", "user": 1, "content_type": 17, "object_id": "10", "object_repr": "Daniel Taype - Cupon de KFC - 500 puntos", "action_flag": 3, "change_message": ""}}, {"model": "admin.logentry", "pk": 24, "fields": {"action_time": "2024-11-03T22:47:48.812Z", "user": 1, "content_type": 17, "object_id": "9", "object_repr": "Daniel Taype - Cupon de Bembos - 400 puntos", "action_flag": 3, "change_message": ""}}, {"model": "admin.logentry", "pk": 25, "fields": {"action_time": "2024-11-03T22:47:48.812Z", "user": 1, "content_type": 17, "object_id": "8", "object_repr": "Daniel Taype - Cupon de Burguer King - 300 puntos", "action_flag": 3, "change_message": ""}}, {"model": "admin.logentry", "pk": 26, "fields": {"action_time": "2024-11-03T22:47:48.812Z", "user": 1, "content_type": 17, "object_id": "7", "object_repr": "Daniel Taype - Cupon de KFC - 500 puntos", "action_flag": 3, "change_message": ""}}, {"model": "admin.logentry", "pk": 27, "fields": {"action_time": "2024-11-03T22:47:48.812Z", "user": 1, "content_type": 17, "object_id": "6", "object_repr": "Daniel Taype - Cupon de Burguer King - 300 puntos", "action_flag": 3, "change_message": ""}}, {"model": "admin.logentry", "pk": 28, "fields": {"action_time": "2024-11-03T22:47:48.812Z", "user": 1, "content_type": 17, "object_id": "5", "object_repr": "Daniel Taype - Cupon de Bembos - 400 puntos", "action_flag": 3, "change_message": ""}}, {"model": "admin.logentry", "pk": 29, "fields": {"action_time": "2024-11-03T22:47:48.812Z", "user": 1, "content_type": 17, "object_id": "4", "object_repr": "Daniel Taype - Cupon de Burguer King - 300 puntos", "action_flag": 3, "change_message": ""}}, {"model": "admin.logentry", "pk": 30, "fields": {"action_time": "2024-11-03T22:47:48.812Z", "user": 1, "content_type": 17, "object_id": "3", "object_repr": "Daniel Taype - Cupon de Burguer King - 300 puntos", "action_flag": 3, "change_message": ""}}, {"model": "admin.logentry", "pk": 31, "fields": {"action_time": "2024-11-03T22:47:48.812Z", "user": 1, "content_type": 17, "object_id": "2", "object_repr": "Daniel Taype - Cupon de Burguer King - 300 puntos", "action_flag": 3, "change_message": ""}}, {"model": "admin.logentry", "pk": 32, "fields": {"action_time": "2024-11-03T22:47:48.812Z", "user": 1, "content_type": 17, "object_id": "1", "object_repr": "Daniel Taype - Cupon de Burguer King - 300 puntos", "action_flag": 3, "change_message": ""}}, {"model": "admin.logentry", "pk": 33, "fields": {"action_time": "2024-11-03T22:52:38.748Z", "user": 1, "content_type": 7, "object_id": "2", "object_repr": "Daniel Taype", "action_flag": 2, "change_message": "[{\"changed\": {\"fields\": [\"Email\"]}}]"}}, {"model": "admin.logentry", "pk": 34, "fields": {"action_time": "2024-11-03T22:53:07.154Z", "user": 1, "content_type": 7, "object_id": "1", "object_repr": "Patrick Leon", "action_flag": 2, "change_message": "[{\"changed\": {\"fields\": [\"Email\"]}}]"}}, {"model": "admin.logentry", "pk": 35, "fields": {"action_time": "2024-11-03T22:58:04.820Z", "user": 1, "content_type": 7, "object_id": "2", "object_repr": "Daniel Taype", "action_flag": 2, "change_message": "[{\"changed\": {\"fields\": [\"Puntaje acumulado\"]}}]"}}, {"model": "admin.logentry", "pk": 36, "fields": {"action_time": "2024-11-03T23:01:49.253Z", "user": 1, "content_type": 10, "object_id": "1", "object_repr": "Cupon de Burguer King - 300 puntos", "action_flag": 2, "change_message": "[{\"changed\": {\"fields\": [\"Disponibilidad\"]}}]"}}, {"model": "admin.logentry", "pk": 37, "fields": {"action_time": "2024-11-03T23:02:13.124Z", "user": 1, "content_type": 10, "object_id": "1", "object_repr": "Cupon de Burguer King - 300 puntos", "action_flag": 2, "change_message": "[{\"changed\": {\"fields\": [\"Disponibilidad\"]}}]"}}, {"model": "admin.logentry", "pk": 38, "fields": {"action_time": "2024-11-04T00:15:31.220Z", "user": 1, "content_type": 16, "object_id": "1", "object_repr": "RNQFL7VDZ0", "action_flag": 2, "change_message": "[{\"changed\": {\"fields\": [\"Utilizado\"]}}]"}}, {"model": "admin.logentry", "pk": 39, "fields": {"action_time": "2024-11-04T00:46:10.167Z", "user": 1, "content_type": 16, "object_id": "6", "object_repr": "J8E601846P", "action_flag": 3, "change_message": ""}}, {"model": "admin.logentry", "pk": 40, "fields": {"action_time": "2024-11-04T00:46:10.167Z", "user": 1, "content_type": 16, "object_id": "5", "object_repr": "N08PC7KCBP", "action_flag": 3, "change_message": ""}}, {"model": "admin.logentry", "pk": 41, "fields": {"action_time": "2024-11-04T00:46:10.167Z", "user": 1, "content_type": 16, "object_id": "4", "object_repr": "BUP9TBKRT1", "action_flag": 3, "change_message": ""}}, {"model": "admin.logentry", "pk": 42, "fields": {"action_time": "2024-11-04T00:46:10.167Z", "user": 1, "content_type": 16, "object_id": "3", "object_repr": "CLIB4OYMD9", "action_flag": 3, "change_message": ""}}, {"model": "admin.logentry", "pk": 43, "fields": {"action_time": "2024-11-04T00:46:10.167Z", "user": 1, "content_type": 16, "object_id": "2", "object_repr": "VAQITLX1RH", "action_flag": 3, "change_message": ""}}, {"model": "admin.logentry", "pk": 44, "fields": {"action_time": "2024-11-04T00:46:10.167Z", "user": 1, "content_type": 16, "object_id": "1", "object_repr": "RNQFL7VDZ0", "action_flag": 3, "change_message": ""}}, {"model": "admin.logentry", "pk": 45, "fields": {"action_time": "2024-11-04T00:50:17.247Z", "user": 1, "content_type": 16, "object_id": "7", "object_repr": "A2FN9W2QEB", "action_flag": 2, "change_message": "[{\"changed\": {\"fields\": [\"Utilizado\"]}}]"}}, {"model": "admin.logentry", "pk": 46, "fields": {"action_time": "2024-11-04T00:57:02.097Z", "user": 1, "content_type": 10, "object_id": "1", "object_repr": "Cupon de Burguer King - 300 puntos", "action_flag": 2, "change_message": "[{\"changed\": {\"fields\": [\"Disponibilidad\"]}}]"}}, {"model": "admin.logentry", "pk": 47, "fields": {"action_time": "2024-11-05T02:09:06.568Z", "user": 1, "content_type": 16, "object_id": "29", "object_repr": "5GLJ7OG9Y5", "action_flag": 3, "change_message": ""}}, {"model": "admin.logentry", "pk": 48, "fields": {"action_time": "2024-11-05T02:09:06.568Z", "user": 1, "content_type": 16, "object_id": "28", "object_repr": "FEYN1MMO3W", "action_flag": 3, "change_message": ""}}, {"model": "admin.logentry", "pk": 49, "fields": {"action_time": "2024-11-05T02:09:06.568Z", "user": 1, "content_type": 16, "object_id": "27", "object_repr": "NTDDVN4WAW", "action_flag": 3, "change_message": ""}}, {"model": "admin.logentry", "pk": 50, "fields": {"action_time": "2024-11-05T02:09:06.568Z", "user": 1, "content_type": 16, "object_id": "26", "object_repr": "5IFH96F895", "action_flag": 3, "change_message": ""}}, {"model": "admin.logentry", "pk": 51, "fields": {"action_time": "2024-11-05T02:09:06.568Z", "user": 1, "content_type": 16, "object_id": "25", "object_repr": "11SPWHO6IV", "action_flag": 3, "change_message": ""}}, {"model": "admin.logentry", "pk": 52, "fields": {"action_time": "2024-11-05T02:09:06.568Z", "user": 1, "content_type": 16, "object_id": "24", "object_repr": "HHQJT1AYJ4", "action_flag": 3, "change_message": ""}}, {"model": "admin.logentry", "pk": 53, "fields": {"action_time": "2024-11-05T02:09:06.568Z", "user": 1, "content_type": 16, "object_id": "23", "object_repr": "IQGFQLOSTI", "action_flag": 3, "change_message": ""}}, {"model": "admin.logentry", "pk": 54, "fields": {"action_time": "2024-11-05T02:09:06.568Z", "user": 1, "content_type": 16, "object_id": "22", "object_repr": "MZX1BJTOW8", "action_flag": 3, "change_message": ""}}, {"model": "admin.logentry", "pk": 55, "fields": {"action_time": "2024-11-05T02:09:06.568Z", "user": 1, "content_type": 16, "object_id": "21", "object_repr": "NDFKXDHQY8", "action_flag": 3, "change_message": ""}}, {"model": "admin.logentry", "pk": 56, "fields": {"action_time": "2024-11-05T02:09:06.568Z", "user": 1, "content_type": 16, "object_id": "20", "object_repr": "5GW9E1UAFJ", "action_flag": 3, "change_message": ""}}, {"model": "admin.logentry", "pk": 57, "fields": {"action_time": "2024-11-05T02:09:06.568Z", "user": 1, "content_type": 16, "object_id": "19", "object_repr": "NUF0FZPVVM", "action_flag": 3, "change_message": ""}}, {"model": "admin.logentry", "pk": 58, "fields": {"action_time": "2024-11-05T02:09:06.568Z", "user": 1, "content_type": 16, "object_id": "18", "object_repr": "I9WZVAVLF3", "action_flag": 3, "change_message": ""}}, {"model": "admin.logentry", "pk": 59, "fields": {"action_time": "2024-11-05T02:09:06.568Z", "user": 1, "content_type": 16, "object_id": "17", "object_repr": "84SYZ3GFCC", "action_flag": 3, "change_message": ""}}, {"model": "admin.logentry", "pk": 60, "fields": {"action_time": "2024-11-05T02:09:06.568Z", "user": 1, "content_type": 16, "object_id": "16", "object_repr": "NHWY3A2NWQ", "action_flag": 3, "change_message": ""}}, {"model": "admin.logentry", "pk": 61, "fields": {"action_time": "2024-11-05T02:09:06.568Z", "user": 1, "content_type": 16, "object_id": "15", "object_repr": "GREE3PGEMV", "action_flag": 3, "change_message": ""}}, {"model": "admin.logentry", "pk": 62, "fields": {"action_time": "2024-11-05T02:09:06.568Z", "user": 1, "content_type": 16, "object_id": "14", "object_repr": "DEUCNVZ20L", "action_flag": 3, "change_message": ""}}, {"model": "admin.logentry", "pk": 63, "fields": {"action_time": "2024-11-05T02:09:06.568Z", "user": 1, "content_type": 16, "object_id": "13", "object_repr": "DUEKC2HOGS", "action_flag": 3, "change_message": ""}}, {"model": "admin.logentry", "pk": 64, "fields": {"action_time": "2024-11-05T02:09:06.568Z", "user": 1, "content_type": 16, "object_id": "12", "object_repr": "J03QE9R3KL", "action_flag": 3, "change_message": ""}}, {"model": "admin.logentry", "pk": 65, "fields": {"action_time": "2024-11-05T02:09:06.568Z", "user": 1, "content_type": 16, "object_id": "11", "object_repr": "1W864TP8YT", "action_flag": 3, "change_message": ""}}, {"model": "admin.logentry", "pk": 66, "fields": {"action_time": "2024-11-05T02:09:06.568Z", "user": 1, "content_type": 16, "object_id": "10", "object_repr": "A6IBSUP8P2", "action_flag": 3, "change_message": ""}}, {"model": "admin.logentry", "pk": 67, "fields": {"action_time": "2024-11-05T02:09:06.568Z", "user": 1, "content_type": 16, "object_id": "9", "object_repr": "XAW0BWFV0J", "action_flag": 3, "change_message": ""}}, {"model": "admin.logentry", "pk": 68, "fields": {"action_time": "2024-11-05T02:09:06.568Z", "user": 1, "content_type": 16, "object_id": "8", "object_repr": "LHFCNYB2W8", "action_flag": 3, "change_message": ""}}, {"model": "admin.logentry", "pk": 69, "fields": {"action_time": "2024-11-05T02:09:06.568Z", "user": 1, "content_type": 16, "object_id": "7", "object_repr": "A2FN9W2QEB", "action_flag": 3, "change_message": ""}}, {"model": "admin.logentry", "pk": 70, "fields": {"action_time": "2024-11-05T02:11:43.229Z", "user": 1, "content_type": 15, "object_id": "18", "object_repr": "Recojo Daniel Taype - Plan Intermedio - 2024-10-31", "action_flag": 3, "change_message": ""}}, {"model": "admin.logentry", "pk": 71, "fields": {"action_time": "2024-11-05T02:11:43.229Z", "user": 1, "content_type": 15, "object_id": "17", "object_repr": "Recojo Daniel Taype - Plan Intermedio - 2024-10-27", "action_flag": 3, "change_message": ""}}, {"model": "admin.logentry", "pk": 72, "fields": {"action_time": "2024-11-05T02:11:43.229Z", "user": 1, "content_type": 15, "object_id": "16", "object_repr": "Recojo Daniel Taype - Plan Intermedio - 2024-10-27", "action_flag": 3, "change_message": ""}}, {"model": "admin.logentry", "pk": 73, "fields": {"action_time": "2024-11-05T02:11:43.229Z", "user": 1, "content_type": 15, "object_id": "15", "object_repr": "Recojo Daniel Taype - Plan Intermedio - 2024-10-27", "action_flag": 3, "change_message": ""}}, {"model": "admin.logentry", "pk": 74, "fields": {"action_time": "2024-11-05T02:11:43.229Z", "user": 1, "content_type": 15, "object_id": "14", "object_repr": "Recojo Daniel Taype - Plan Intermedio - 2024-10-27", "action_flag": 3, "change_message": ""}}, {"model": "admin.logentry", "pk": 75, "fields": {"action_time": "2024-11-05T02:11:43.229Z", "user": 1, "content_type": 15, "object_id": "13", "object_repr": "Recojo Daniel Taype - Plan Intermedio - 2024-10-26", "action_flag": 3, "change_message": ""}}, {"model": "admin.logentry", "pk": 76, "fields": {"action_time": "2024-11-05T02:11:43.229Z", "user": 1, "content_type": 15, "object_id": "12", "object_repr": "Recojo Daniel Taype - Plan Intermedio - 2024-10-26", "action_flag": 3, "change_message": ""}}, {"model": "admin.logentry", "pk": 77, "fields": {"action_time": "2024-11-05T02:11:43.229Z", "user": 1, "content_type": 15, "object_id": "11", "object_repr": "Recojo Daniel Taype - Plan Intermedio - 2024-10-26", "action_flag": 3, "change_message": ""}}, {"model": "admin.logentry", "pk": 78, "fields": {"action_time": "2024-11-05T02:11:43.229Z", "user": 1, "content_type": 15, "object_id": "10", "object_repr": "Recojo Daniel Taype - Plan Intermedio - 2024-10-25", "action_flag": 3, "change_message": ""}}, {"model": "admin.logentry", "pk": 79, "fields": {"action_time": "2024-11-05T02:11:43.229Z", "user": 1, "content_type": 15, "object_id": "9", "object_repr": "Recojo Daniel Taype - Plan Intermedio - 2024-10-25", "action_flag": 3, "change_message": ""}}, {"model": "admin.logentry", "pk": 80, "fields": {"action_time": "2024-11-05T02:11:43.229Z", "user": 1, "content_type": 15, "object_id": "8", "object_repr": "Recojo Daniel Taype - Plan Intermedio - 2024-10-25", "action_flag": 3, "change_message": ""}}, {"model": "admin.logentry", "pk": 81, "fields": {"action_time": "2024-11-05T02:11:43.229Z", "user": 1, "content_type": 15, "object_id": "7", "object_repr": "Recojo Daniel Taype - Plan Intermedio - 2024-10-25", "action_flag": 3, "change_message": ""}}, {"model": "admin.logentry", "pk": 82, "fields": {"action_time": "2024-11-05T02:11:43.229Z", "user": 1, "content_type": 15, "object_id": "6", "object_repr": "Recojo Daniel Taype - Plan Intermedio - 2024-10-25", "action_flag": 3, "change_message": ""}}, {"model": "admin.logentry", "pk": 83, "fields": {"action_time": "2024-11-05T02:11:43.229Z", "user": 1, "content_type": 15, "object_id": "5", "object_repr": "Recojo Daniel Taype - Plan Intermedio - 2024-10-25", "action_flag": 3, "change_message": ""}}, {"model": "admin.logentry", "pk": 84, "fields": {"action_time": "2024-11-05T02:11:43.229Z", "user": 1, "content_type": 15, "object_id": "4", "object_repr": "Recojo Daniel Taype - Plan Intermedio - 2024-10-25", "action_flag": 3, "change_message": ""}}, {"model": "admin.logentry", "pk": 85, "fields": {"action_time": "2024-11-05T02:11:43.229Z", "user": 1, "content_type": 15, "object_id": "3", "object_repr": "Recojo Daniel Taype - Plan Intermedio - 2024-10-25", "action_flag": 3, "change_message": ""}}, {"model": "admin.logentry", "pk": 86, "fields": {"action_time": "2024-11-05T02:11:43.229Z", "user": 1, "content_type": 15, "object_id": "2", "object_repr": "Recojo Daniel Taype - Plan Intermedio - 2024-10-25", "action_flag": 3, "change_message": ""}}, {"model": "admin.logentry", "pk": 87, "fields": {"action_time": "2024-11-05T02:11:43.229Z", "user": 1, "content_type": 15, "object_id": "1", "object_repr": "Recojo Daniel Taype - Plan Intermedio - 2024-10-25", "action_flag": 3, "change_message": ""}}, {"model": "admin.logentry", "pk": 88, "fields": {"action_time": "2024-11-05T02:11:51.943Z", "user": 1, "content_type": 13, "object_id": "9", "object_repr": "Recojo Daniel Taype - Plan Intermedio - 2024-10-31", "action_flag": 3, "change_message": ""}}, {"model": "admin.logentry", "pk": 89, "fields": {"action_time": "2024-11-05T02:11:51.943Z", "user": 1, "content_type": 13, "object_id": "8", "object_repr": "Recojo Daniel Taype - Plan Intermedio - 2024-10-27", "action_flag": 3, "change_message": ""}}, {"model": "admin.logentry", "pk": 90, "fields": {"action_time": "2024-11-05T02:11:51.943Z", "user": 1, "content_type": 13, "object_id": "7", "object_repr": "Recojo Daniel Taype - Plan Intermedio - 2024-10-26", "action_flag": 3, "change_message": ""}}, {"model": "admin.logentry", "pk": 91, "fields": {"action_time": "2024-11-05T02:11:51.943Z", "user": 1, "content_type": 13, "object_id": "6", "object_repr": "Recojo Daniel Taype - Plan Intermedio - 2024-10-26", "action_flag": 3, "change_message": ""}}, {"model": "admin.logentry", "pk": 92, "fields": {"action_time": "2024-11-05T02:11:51.943Z", "user": 1, "content_type": 13, "object_id": "5", "object_repr": "Recojo Daniel Taype - Plan Intermedio - 2024-10-26", "action_flag": 3, "change_message": ""}}, {"model": "admin.logentry", "pk": 93, "fields": {"action_time": "2024-11-05T02:11:51.943Z", "user": 1, "content_type": 13, "object_id": "4", "object_repr": "Recojo Daniel Taype - Plan Intermedio - 2024-10-25", "action_flag": 3, "change_message": ""}}, {"model": "admin.logentry", "pk": 94, "fields": {"action_time": "2024-11-05T02:11:51.943Z", "user": 1, "content_type": 13, "object_id": "3", "object_repr": "Recojo Daniel Taype - Plan Intermedio - 2024-10-25", "action_flag": 3, "change_message": ""}}, {"model": "admin.logentry", "pk": 95, "fields": {"action_time": "2024-11-05T02:11:51.943Z", "user": 1, "content_type": 13, "object_id": "2", "object_repr": "Recojo Daniel Taype - Plan Intermedio - 2024-10-25", "action_flag": 3, "change_message": ""}}, {"model": "admin.logentry", "pk": 96, "fields": {"action_time": "2024-11-05T02:11:51.943Z", "user": 1, "content_type": 13, "object_id": "1", "object_repr": "Recojo Daniel Taype - Plan Intermedio - 2024-10-25", "action_flag": 3, "change_message": ""}}, {"model": "admin.logentry", "pk": 97, "fields": {"action_time": "2024-11-05T02:12:06.796Z", "user": 1, "content_type": 19, "object_id": "9", "object_repr": "Token de Daniel Taype - qrTt2qxnfd", "action_flag": 3, "change_message": ""}}, {"model": "admin.logentry", "pk": 98, "fields": {"action_time": "2024-11-05T02:12:06.796Z", "user": 1, "content_type": 19, "object_id": "8", "object_repr": "Token de Daniel Taype - 0M63CdMUes", "action_flag": 3, "change_message": ""}}, {"model": "admin.logentry", "pk": 99, "fields": {"action_time": "2024-11-05T02:12:06.796Z", "user": 1, "content_type": 19, "object_id": "7", "object_repr": "Token de Daniel Taype - eYgyK5YY7E", "action_flag": 3, "change_message": ""}}, {"model": "admin.logentry", "pk": 100, "fields": {"action_time": "2024-11-05T02:12:06.796Z", "user": 1, "content_type": 19, "object_id": "6", "object_repr": "Token de Daniel Taype - VUc5ImylAF", "action_flag": 3, "change_message": ""}}, {"model": "admin.logentry", "pk": 101, "fields": {"action_time": "2024-11-05T02:12:06.796Z", "user": 1, "content_type": 19, "object_id": "5", "object_repr": "Token de Patrick Leon - ZZskcWJjMq", "action_flag": 3, "change_message": ""}}, {"model": "admin.logentry", "pk": 102, "fields": {"action_time": "2024-11-05T02:12:06.796Z", "user": 1, "content_type": 19, "object_id": "4", "object_repr": "Token de Daniel Taype - zfWhla8SRj", "action_flag": 3, "change_message": ""}}, {"model": "admin.logentry", "pk": 103, "fields": {"action_time": "2024-11-05T02:12:06.796Z", "user": 1, "content_type": 19, "object_id": "3", "object_repr": "Token de Daniel Taype - KzB00X7XjX", "action_flag": 3, "change_message": ""}}, {"model": "admin.logentry", "pk": 104, "fields": {"action_time": "2024-11-05T02:12:06.796Z", "user": 1, "content_type": 19, "object_id": "2", "object_repr": "Token de Daniel Taype - 43Ql4pQKeJ", "action_flag": 3, "change_message": ""}}, {"model": "admin.logentry", "pk": 105, "fields": {"action_time": "2024-11-05T02:12:06.796Z", "user": 1, "content_type": 19, "object_id": "1", "object_repr": "Token de Daniel Taype - HiEizLkftB", "action_flag": 3, "change_message": ""}}, {"model": "admin.logentry", "pk": 106, "fields": {"action_time": "2024-11-05T02:12:17.132Z", "user": 1, "content_type": 7, "object_id": "2", "object_repr": "Daniel Taype", "action_flag": 2, "change_message": "[{\"changed\": {\"fields\": [\"Puntaje acumulado\"]}}]"}}, {"model": "admin.logentry", "pk": 107, "fields": {"action_time": "2024-11-05T02:12:35.455Z", "user": 1, "content_type": 14, "object_id": "1", "object_repr": "Daniel Taype - Plan Intermedio", "action_flag": 2, "change_message": "[{\"changed\": {\"fields\": [\"Recojos solicitados\"]}}]"}}, {"model": "admin.logentry", "pk": 108, "fields": {"action_time": "2024-11-06T19:14:55.727Z", "user": 1, "content_type": 15, "object_id": "17", "object_repr": "Recojo Daniel Taype - Plan Intermedio - 2024-10-27", "action_flag": 3, "change_message": ""}}, {"model": "admin.logentry", "pk": 109, "fields": {"action_time": "2024-11-06T19:14:55.727Z", "user": 1, "content_type": 15, "object_id": "16", "object_repr": "Recojo Daniel Taype - Plan Intermedio - 2024-10-27", "action_flag": 3, "change_message": ""}}, {"model": "admin.logentry", "pk": 110, "fields": {"action_time": "2024-11-06T19:14:55.727Z", "user": 1, "content_type": 15, "object_id": "15", "object_repr": "Recojo Daniel Taype - Plan Intermedio - 2024-10-27", "action_flag": 3, "change_message": ""}}, {"model": "admin.logentry", "pk": 111, "fields": {"action_time": "2024-11-06T19:14:55.727Z", "user": 1, "content_type": 15, "object_id": "14", "object_repr": "Recojo Daniel Taype - Plan Intermedio - 2024-10-27", "action_flag": 3, "change_message": ""}}, {"model": "admin.logentry", "pk": 112, "fields": {"action_time": "2024-11-06T19:14:55.727Z", "user": 1, "content_type": 15, "object_id": "13", "object_repr": "Recojo Daniel Taype - Plan Intermedio - 2024-10-26", "action_flag": 3, "change_message": ""}}, {"model": "admin.logentry", "pk": 113, "fields": {"action_time": "2024-11-06T19:14:55.727Z", "user": 1, "content_type": 15, "object_id": "12", "object_repr": "Recojo Daniel Taype - Plan Intermedio - 2024-10-26", "action_flag": 3, "change_message": ""}}, {"model": "admin.logentry", "pk": 114, "fields": {"action_time": "2024-11-06T19:14:55.727Z", "user": 1, "content_type": 15, "object_id": "11", "object_repr": "Recojo Daniel Taype - Plan Intermedio - 2024-10-26", "action_flag": 3, "change_message": ""}}, {"model": "admin.logentry", "pk": 115, "fields": {"action_time": "2024-11-06T19:14:55.727Z", "user": 1, "content_type": 15, "object_id": "10", "object_repr": "Recojo Daniel Taype - Plan Intermedio - 2024-10-25", "action_flag": 3, "change_message": ""}}, {"model": "admin.logentry", "pk": 116, "fields": {"action_time": "2024-11-06T19:14:55.727Z", "user": 1, "content_type": 15, "object_id": "9", "object_repr": "Recojo Daniel Taype - Plan Intermedio - 2024-10-25", "action_flag": 3, "change_message": ""}}, {"model": "admin.logentry", "pk": 117, "fields": {"action_time": "2024-11-06T19:14:55.727Z", "user": 1, "content_type": 15, "object_id": "8", "object_repr": "Recojo Daniel Taype - Plan Intermedio - 2024-10-25", "action_flag": 3, "change_message": ""}}, {"model": "admin.logentry", "pk": 118, "fields": {"action_time": "2024-11-06T19:14:55.727Z", "user": 1, "content_type": 15, "object_id": "7", "object_repr": "Recojo Daniel Taype - Plan Intermedio - 2024-10-25", "action_flag": 3, "change_message": ""}}, {"model": "admin.logentry", "pk": 119, "fields": {"action_time": "2024-11-06T19:14:55.727Z", "user": 1, "content_type": 15, "object_id": "6", "object_repr": "Recojo Daniel Taype - Plan Intermedio - 2024-10-25", "action_flag": 3, "change_message": ""}}, {"model": "admin.logentry", "pk": 120, "fields": {"action_time": "2024-11-06T19:14:55.727Z", "user": 1, "content_type": 15, "object_id": "5", "object_repr": "Recojo Daniel Taype - Plan Intermedio - 2024-10-25", "action_flag": 3, "change_message": ""}}, {"model": "admin.logentry", "pk": 121, "fields": {"action_time": "2024-11-06T19:14:55.727Z", "user": 1, "content_type": 15, "object_id": "4", "object_repr": "Recojo Daniel Taype - Plan Intermedio - 2024-10-25", "action_flag": 3, "change_message": ""}}, {"model": "admin.logentry", "pk": 122, "fields": {"action_time": "2024-11-06T19:14:55.733Z", "user": 1, "content_type": 15, "object_id": "3", "object_repr": "Recojo Daniel Taype - Plan Intermedio - 2024-10-25", "action_flag": 3, "change_message": ""}}, {"model": "admin.logentry", "pk": 123, "fields": {"action_time": "2024-11-06T19:14:55.733Z", "user": 1, "content_type": 15, "object_id": "2", "object_repr": "Recojo Daniel Taype - Plan Intermedio - 2024-10-25", "action_flag": 3, "change_message": ""}}, {"model": "admin.logentry", "pk": 124, "fields": {"action_time": "2024-11-06T19:14:55.733Z", "user": 1, "content_type": 15, "object_id": "1", "object_repr": "Recojo Daniel Taype - Plan Intermedio - 2024-10-25", "action_flag": 3, "change_message": ""}}, {"model": "admin.logentry", "pk": 125, "fields": {"action_time": "2024-11-06T19:15:26.190Z", "user": 1, "content_type": 13, "object_id": "8", "object_repr": "Recojo Daniel Taype - Plan Intermedio - 2024-10-27", "action_flag": 3, "change_message": ""}}, {"model": "admin.logentry", "pk": 126, "fields": {"action_time": "2024-11-06T19:15:26.190Z", "user": 1, "content_type": 13, "object_id": "7", "object_repr": "Recojo Daniel Taype - Plan Intermedio - 2024-10-26", "action_flag": 3, "change_message": ""}}, {"model": "admin.logentry", "pk": 127, "fields": {"action_time": "2024-11-06T19:15:26.190Z", "user": 1, "content_type": 13, "object_id": "6", "object_repr": "Recojo Daniel Taype - Plan Intermedio - 2024-10-26", "action_flag": 3, "change_message": ""}}, {"model": "admin.logentry", "pk": 128, "fields": {"action_time": "2024-11-06T19:15:26.190Z", "user": 1, "content_type": 13, "object_id": "5", "object_repr": "Recojo Daniel Taype - Plan Intermedio - 2024-10-26", "action_flag": 3, "change_message": ""}}, {"model": "admin.logentry", "pk": 129, "fields": {"action_time": "2024-11-06T19:15:26.190Z", "user": 1, "content_type": 13, "object_id": "4", "object_repr": "Recojo Daniel Taype - Plan Intermedio - 2024-10-25", "action_flag": 3, "change_message": ""}}, {"model": "admin.logentry", "pk": 130, "fields": {"action_time": "2024-11-06T19:15:26.190Z", "user": 1, "content_type": 13, "object_id": "3", "object_repr": "Recojo Daniel Taype - Plan Intermedio - 2024-10-25", "action_flag": 3, "change_message": ""}}, {"model": "admin.logentry", "pk": 131, "fields": {"action_time": "2024-11-06T19:15:26.190Z", "user": 1, "content_type": 13, "object_id": "2", "object_repr": "Recojo Daniel Taype - Plan Intermedio - 2024-10-25", "action_flag": 3, "change_message": ""}}, {"model": "admin.logentry", "pk": 132, "fields": {"action_time": "2024-11-06T19:15:26.190Z", "user": 1, "content_type": 13, "object_id": "1", "object_repr": "Recojo Daniel Taype - Plan Intermedio - 2024-10-25", "action_flag": 3, "change_message": ""}}, {"model": "admin.logentry", "pk": 133, "fields": {"action_time": "2024-11-06T19:16:06.318Z", "user": 1, "content_type": 16, "object_id": "30", "object_repr": "5IYE92K4TL", "action_flag": 3, "change_message": ""}}, {"model": "admin.logentry", "pk": 134, "fields": {"action_time": "2024-11-06T19:16:06.318Z", "user": 1, "content_type": 16, "object_id": "10", "object_repr": "VT0SH2QXH1", "action_flag": 3, "change_message": ""}}, {"model": "admin.logentry", "pk": 135, "fields": {"action_time": "2024-11-06T19:16:06.318Z", "user": 1, "content_type": 16, "object_id": "9", "object_repr": "78W67Q9ZMV", "action_flag": 3, "change_message": ""}}, {"model": "admin.logentry", "pk": 136, "fields": {"action_time": "2024-11-06T19:16:06.318Z", "user": 1, "content_type": 16, "object_id": "8", "object_repr": "LHFCNYB2W8", "action_flag": 3, "change_message": ""}}, {"model": "admin.logentry", "pk": 137, "fields": {"action_time": "2024-11-06T19:16:06.318Z", "user": 1, "content_type": 16, "object_id": "7", "object_repr": "A2FN9W2QEB", "action_flag": 3, "change_message": ""}}, {"model": "admin.logentry", "pk": 138, "fields": {"action_time": "2024-11-06T19:16:25.766Z", "user": 1, "content_type": 17, "object_id": "10", "object_repr": "Daniel Taype - Cupon de KFC - 500 puntos", "action_flag": 3, "change_message": ""}}, {"model": "admin.logentry", "pk": 139, "fields": {"action_time": "2024-11-06T19:16:25.766Z", "user": 1, "content_type": 17, "object_id": "9", "object_repr": "Daniel Taype - Cupon de Bembos - 400 puntos", "action_flag": 3, "change_message": ""}}, {"model": "admin.logentry", "pk": 140, "fields": {"action_time": "2024-11-06T19:16:25.766Z", "user": 1, "content_type": 17, "object_id": "8", "object_repr": "Daniel Taype - Cupon de Burguer King - 300 puntos", "action_flag": 3, "change_message": ""}}, {"model": "admin.logentry", "pk": 141, "fields": {"action_time": "2024-11-06T19:16:25.766Z", "user": 1, "content_type": 17, "object_id": "7", "object_repr": "Daniel Taype - Cupon de KFC - 500 puntos", "action_flag": 3, "change_message": ""}}, {"model": "admin.logentry", "pk": 142, "fields": {"action_time": "2024-11-06T19:16:25.766Z", "user": 1, "content_type": 17, "object_id": "6", "object_repr": "Daniel Taype - Cupon de Burguer King - 300 puntos", "action_flag": 3, "change_message": ""}}, {"model": "admin.logentry", "pk": 143, "fields": {"action_time": "2024-11-06T19:16:25.766Z", "user": 1, "content_type": 17, "object_id": "5", "object_repr": "Daniel Taype - Cupon de Bembos - 400 puntos", "action_flag": 3, "change_message": ""}}, {"model": "admin.logentry", "pk": 144, "fields": {"action_time": "2024-11-06T19:16:25.766Z", "user": 1, "content_type": 17, "object_id": "4", "object_repr": "Daniel Taype - Cupon de Burguer King - 300 puntos", "action_flag": 3, "change_message": ""}}, {"model": "admin.logentry", "pk": 145, "fields": {"action_time": "2024-11-06T19:16:25.766Z", "user": 1, "content_type": 17, "object_id": "3", "object_repr": "Daniel Taype - Cupon de Burguer King - 300 puntos", "action_flag": 3, "change_message": ""}}, {"model": "admin.logentry", "pk": 146, "fields": {"action_time": "2024-11-06T19:16:25.766Z", "user": 1, "content_type": 17, "object_id": "2", "object_repr": "Daniel Taype - Cupon de Burguer King - 300 puntos", "action_flag": 3, "change_message": ""}}, {"model": "admin.logentry", "pk": 147, "fields": {"action_time": "2024-11-06T19:16:25.766Z", "user": 1, "content_type": 17, "object_id": "1", "object_repr": "Daniel Taype - Cupon de Burguer King - 300 puntos", "action_flag": 3, "change_message": ""}}, {"model": "admin.logentry", "pk": 148, "fields": {"action_time": "2024-11-06T19:27:27.872Z", "user": 1, "content_type": 10, "object_id": "1", "object_repr": "Cupon de Burguer King - 300 puntos", "action_flag": 2, "change_message": "[{\"changed\": {\"fields\": [\"Disponibilidad\"]}}]"}}, {"model": "admin.logentry", "pk": 149, "fields": {"action_time": "2024-11-07T18:49:17.598Z", "user": 1, "content_type": 13, "object_id": "13", "object_repr": "Recojo Daniel Taype - Plan Intermedio - 2024-11-07", "action_flag": 3, "change_message": ""}}, {"model": "admin.logentry", "pk": 150, "fields": {"action_time": "2024-11-07T18:49:17.598Z", "user": 1, "content_type": 13, "object_id": "12", "object_repr": "Recojo Daniel Taype - Plan Intermedio - 2024-11-07", "action_flag": 3, "change_message": ""}}, {"model": "admin.logentry", "pk": 151, "fields": {"action_time": "2024-11-07T18:49:17.598Z", "user": 1, "content_type": 13, "object_id": "11", "object_repr": "Recojo Daniel Taype - Plan Intermedio - 2024-11-05", "action_flag": 3, "change_message": ""}}, {"model": "admin.logentry", "pk": 152, "fields": {"action_time": "2024-11-07T18:49:17.598Z", "user": 1, "content_type": 13, "object_id": "10", "object_repr": "Recojo Daniel Taype - Plan Intermedio - 2024-11-05", "action_flag": 3, "change_message": ""}}, {"model": "admin.logentry", "pk": 153, "fields": {"action_time": "2024-11-07T18:49:17.598Z", "user": 1, "content_type": 13, "object_id": "9", "object_repr": "Recojo Daniel Taype - Plan Intermedio - 2024-10-31", "action_flag": 3, "change_message": ""}}, {"model": "admin.logentry", "pk": 154, "fields": {"action_time": "2024-11-07T18:49:52.722Z", "user": 1, "content_type": 16, "object_id": "32", "object_repr": "FH1B61AQO2", "action_flag": 3, "change_message": ""}}, {"model": "admin.logentry", "pk": 155, "fields": {"action_time": "2024-11-07T18:49:52.722Z", "user": 1, "content_type": 16, "object_id": "31", "object_repr": "MWZCTCLID9", "action_flag": 3, "change_message": ""}}, {"model": "admin.logentry", "pk": 156, "fields": {"action_time": "2024-11-07T18:49:52.722Z", "user": 1, "content_type": 16, "object_id": "30", "object_repr": "5IYE92K4TL", "action_flag": 3, "change_message": ""}}, {"model": "admin.logentry", "pk": 157, "fields": {"action_time": "2024-11-07T18:50:00.053Z", "user": 1, "content_type": 19, "object_id": "10", "object_repr": "Token de Daniel Taype - DKIhZnyuqg", "action_flag": 3, "change_message": ""}}, {"model": "admin.logentry", "pk": 158, "fields": {"action_time": "2024-11-07T18:50:46.405Z", "user": 1, "content_type": 14, "object_id": "1", "object_repr": "Daniel Taype - Plan Intermedio", "action_flag": 2, "change_message": "[{\"changed\": {\"fields\": [\"Recojos solicitados\"]}}]"}}, {"model": "admin.logentry", "pk": 159, "fields": {"action_time": "2024-11-07T18:54:22.864Z", "user": 1, "content_type": 17, "object_id": "12", "object_repr": "Daniel Taype - Cupon de Burguer King - 300 puntos", "action_flag": 3, "change_message": ""}}, {"model": "admin.logentry", "pk": 160, "fields": {"action_time": "2024-11-07T18:54:29.389Z", "user": 1, "content_type": 17, "object_id": "13", "object_repr": "Daniel Taype - Cupon de Bembos - 400 puntos", "action_flag": 2, "change_message": "[{\"changed\": {\"fields\": [\"Fecha canje\"]}}]"}}, {"model": "admin.logentry", "pk": 161, "fields": {"action_time": "2024-11-07T19:14:18.992Z", "user": 1, "content_type": 15, "object_id": "52", "object_repr": "Recojo Daniel Taype - Plan Intermedio - 2024-11-07", "action_flag": 2, "change_message": "[{\"changed\": {\"fields\": [\"Trayectoria\", \"Administrador\"]}}]"}}, {"model": "admin.logentry", "pk": 162, "fields": {"action_time": "2024-11-07T19:15:47.609Z", "user": 1, "content_type": 14, "object_id": "1", "object_repr": "Daniel Taype - Plan Intermedio", "action_flag": 2, "change_message": "[{\"changed\": {\"fields\": [\"Recojos solicitados\"]}}]"}}, {"model": "admin.logentry", "pk": 163, "fields": {"action_time": "2024-11-07T19:17:15.661Z", "user": 1, "content_type": 15, "object_id": "58", "object_repr": "Recojo Daniel Taype - Plan Intermedio - 2024-11-07", "action_flag": 1, "change_message": "[{\"added\": {}}]"}}, {"model": "admin.logentry", "pk": 164, "fields": {"action_time": "2024-11-07T19:17:44.176Z", "user": 1, "content_type": 15, "object_id": "58", "object_repr": "Recojo Daniel Taype - Plan Intermedio - 2024-11-07", "action_flag": 3, "change_message": ""}}, {"model": "admin.logentry", "pk": 165, "fields": {"action_time": "2024-11-07T19:17:55.041Z", "user": 1, "content_type": 15, "object_id": "57", "object_repr": "Recojo Daniel Taype - Plan Intermedio - 2024-11-07", "action_flag": 3, "change_message": ""}}, {"model": "admin.logentry", "pk": 166, "fields": {"action_time": "2024-11-07T19:17:59.716Z", "user": 1, "content_type": 13, "object_id": "24", "object_repr": "Recojo Daniel Taype - Plan Intermedio - 2024-11-07", "action_flag": 3, "change_message": ""}}, {"model": "admin.logentry", "pk": 167, "fields": {"action_time": "2024-11-07T19:25:23.220Z", "user": 1, "content_type": 14, "object_id": "1", "object_repr": "Daniel Taype - Plan Intermedio", "action_flag": 2, "change_message": "[{\"changed\": {\"fields\": [\"Recojos solicitados\"]}}]"}}, {"model": "auth.permission", "pk": 1, "fields": {"name": "Can add log entry", "content_type": 1, "codename": "add_logentry"}}, {"model": "auth.permission", "pk": 2, "fields": {"name": "Can change log entry", "content_type": 1, "codename": "change_logentry"}}, {"model": "auth.permission", "pk": 3, "fields": {"name": "Can delete log entry", "content_type": 1, "codename": "delete_logentry"}}, {"model": "auth.permission", "pk": 4, "fields": {"name": "Can view log entry", "content_type": 1, "codename": "view_logentry"}}, {"model": "auth.permission", "pk": 5, "fields": {"name": "Can add permission", "content_type": 2, "codename": "add_permission"}}, {"model": "auth.permission", "pk": 6, "fields": {"name": "Can change permission", "content_type": 2, "codename": "change_permission"}}, {"model": "auth.permission", "pk": 7, "fields": {"name": "Can delete permission", "content_type": 2, "codename": "delete_permission"}}, {"model": "auth.permission", "pk": 8, "fields": {"name": "Can view permission", "content_type": 2, "codename": "view_permission"}}, {"model": "auth.permission", "pk": 9, "fields": {"name": "Can add group", "content_type": 3, "codename": "add_group"}}, {"model": "auth.permission", "pk": 10, "fields": {"name": "Can change group", "content_type": 3, "codename": "change_group"}}, {"model": "auth.permission", "pk": 11, "fields": {"name": "Can delete group", "content_type": 3, "codename": "delete_group"}}, {"model": "auth.permission", "pk": 12, "fields": {"name": "Can view group", "content_type": 3, "codename": "view_group"}}, {"model": "auth.permission", "pk": 13, "fields": {"name": "Can add user", "content_type": 4, "codename": "add_user"}}, {"model": "auth.permission", "pk": 14, "fields": {"name": "Can change user", "content_type": 4, "codename": "change_user"}}, {"model": "auth.permission", "pk": 15, "fields": {"name": "Can delete user", "content_type": 4, "codename": "delete_user"}}, {"model": "auth.permission", "pk": 16, "fields": {"name": "Can view user", "content_type": 4, "codename": "view_user"}}, {"model": "auth.permission", "pk": 17, "fields": {"name": "Can add content type", "content_type": 5, "codename": "add_contenttype"}}, {"model": "auth.permission", "pk": 18, "fields": {"name": "Can change content type", "content_type": 5, "codename": "change_contenttype"}}, {"model": "auth.permission", "pk": 19, "fields": {"name": "Can delete content type", "content_type": 5, "codename": "delete_contenttype"}}, {"model": "auth.permission", "pk": 20, "fields": {"name": "Can view content type", "content_type": 5, "codename": "view_contenttype"}}, {"model": "auth.permission", "pk": 21, "fields": {"name": "Can add session", "content_type": 6, "codename": "add_session"}}, {"model": "auth.permission", "pk": 22, "fields": {"name": "Can change session", "content_type": 6, "codename": "change_session"}}, {"model": "auth.permission", "pk": 23, "fields": {"name": "Can delete session", "content_type": 6, "codename": "delete_session"}}, {"model": "auth.permission", "pk": 24, "fields": {"name": "Can view session", "content_type": 6, "codename": "view_session"}}, {"model": "auth.permission", "pk": 25, "fields": {"name": "Can add usuario", "content_type": 7, "codename": "add_usuario"}}, {"model": "auth.permission", "pk": 26, "fields": {"name": "Can change usuario", "content_type": 7, "codename": "change_usuario"}}, {"model": "auth.permission", "pk": 27, "fields": {"name": "Can delete usuario", "content_type": 7, "codename": "delete_usuario"}}, {"model": "auth.permission", "pk": 28, "fields": {"name": "Can view usuario", "content_type": 7, "codename": "view_usuario"}}, {"model": "auth.permission", "pk": 29, "fields": {"name": "Can add plan", "content_type": 8, "codename": "add_plan"}}, {"model": "auth.permission", "pk": 30, "fields": {"name": "Can change plan", "content_type": 8, "codename": "change_plan"}}, {"model": "auth.permission", "pk": 31, "fields": {"name": "Can delete plan", "content_type": 8, "codename": "delete_plan"}}, {"model": "auth.permission", "pk": 32, "fields": {"name": "Can view plan", "content_type": 8, "codename": "view_plan"}}, {"model": "auth.permission", "pk": 33, "fields": {"name": "Can add pago", "content_type": 9, "codename": "add_pago"}}, {"model": "auth.permission", "pk": 34, "fields": {"name": "Can change pago", "content_type": 9, "codename": "change_pago"}}, {"model": "auth.permission", "pk": 35, "fields": {"name": "Can delete pago", "content_type": 9, "codename": "delete_pago"}}, {"model": "auth.permission", "pk": 36, "fields": {"name": "Can view pago", "content_type": 9, "codename": "view_pago"}}, {"model": "auth.permission", "pk": 37, "fields": {"name": "Can add cupon", "content_type": 10, "codename": "add_cupon"}}, {"model": "auth.permission", "pk": 38, "fields": {"name": "Can change cupon", "content_type": 10, "codename": "change_cupon"}}, {"model": "auth.permission", "pk": 39, "fields": {"name": "Can delete cupon", "content_type": 10, "codename": "delete_cupon"}}, {"model": "auth.permission", "pk": 40, "fields": {"name": "Can view cupon", "content_type": 10, "codename": "view_cupon"}}, {"model": "auth.permission", "pk": 41, "fields": {"name": "Can add tipo_ usuario", "content_type": 11, "codename": "add_tipo_usuario"}}, {"model": "auth.permission", "pk": 42, "fields": {"name": "Can change tipo_ usuario", "content_type": 11, "codename": "change_tipo_usuario"}}, {"model": "auth.permission", "pk": 43, "fields": {"name": "Can delete tipo_ usuario", "content_type": 11, "codename": "delete_tipo_usuario"}}, {"model": "auth.permission", "pk": 44, "fields": {"name": "Can view tipo_ usuario", "content_type": 11, "codename": "view_tipo_usuario"}}, {"model": "auth.permission", "pk": 45, "fields": {"name": "Can add trayectoria", "content_type": 12, "codename": "add_trayectoria"}}, {"model": "auth.permission", "pk": 46, "fields": {"name": "Can change trayectoria", "content_type": 12, "codename": "change_trayectoria"}}, {"model": "auth.permission", "pk": 47, "fields": {"name": "Can delete trayectoria", "content_type": 12, "codename": "delete_trayectoria"}}, {"model": "auth.permission", "pk": 48, "fields": {"name": "Can view trayectoria", "content_type": 12, "codename": "view_trayectoria"}}, {"model": "auth.permission", "pk": 49, "fields": {"name": "Can add recojo", "content_type": 13, "codename": "add_recojo"}}, {"model": "auth.permission", "pk": 50, "fields": {"name": "Can change recojo", "content_type": 13, "codename": "change_recojo"}}, {"model": "auth.permission", "pk": 51, "fields": {"name": "Can delete recojo", "content_type": 13, "codename": "delete_recojo"}}, {"model": "auth.permission", "pk": 52, "fields": {"name": "Can view recojo", "content_type": 13, "codename": "view_recojo"}}, {"model": "auth.permission", "pk": 53, "fields": {"name": "Can add gestor plan", "content_type": 14, "codename": "add_gestorplan"}}, {"model": "auth.permission", "pk": 54, "fields": {"name": "Can change gestor plan", "content_type": 14, "codename": "change_gestorplan"}}, {"model": "auth.permission", "pk": 55, "fields": {"name": "Can delete gestor plan", "content_type": 14, "codename": "delete_gestorplan"}}, {"model": "auth.permission", "pk": 56, "fields": {"name": "Can view gestor plan", "content_type": 14, "codename": "view_gestorplan"}}, {"model": "auth.permission", "pk": 57, "fields": {"name": "Can add recojo_trayectoria", "content_type": 15, "codename": "add_recojo_trayectoria"}}, {"model": "auth.permission", "pk": 58, "fields": {"name": "Can change recojo_trayectoria", "content_type": 15, "codename": "change_recojo_trayectoria"}}, {"model": "auth.permission", "pk": 59, "fields": {"name": "Can delete recojo_trayectoria", "content_type": 15, "codename": "delete_recojo_trayectoria"}}, {"model": "auth.permission", "pk": 60, "fields": {"name": "Can view recojo_trayectoria", "content_type": 15, "codename": "view_recojo_trayectoria"}}, {"model": "auth.permission", "pk": 61, "fields": {"name": "Can add codigo invitacion", "content_type": 16, "codename": "add_codigoinvitacion"}}, {"model": "auth.permission", "pk": 62, "fields": {"name": "Can change codigo invitacion", "content_type": 16, "codename": "change_codigoinvitacion"}}, {"model": "auth.permission", "pk": 63, "fields": {"name": "Can delete codigo invitacion", "content_type": 16, "codename": "delete_codigoinvitacion"}}, {"model": "auth.permission", "pk": 64, "fields": {"name": "Can view codigo invitacion", "content_type": 16, "codename": "view_codigoinvitacion"}}, {"model": "auth.permission", "pk": 65, "fields": {"name": "Can add gestor cupon", "content_type": 17, "codename": "add_gestorcupon"}}, {"model": "auth.permission", "pk": 66, "fields": {"name": "Can change gestor cupon", "content_type": 17, "codename": "change_gestorcupon"}}, {"model": "auth.permission", "pk": 67, "fields": {"name": "Can delete gestor cupon", "content_type": 17, "codename": "delete_gestorcupon"}}, {"model": "auth.permission", "pk": 68, "fields": {"name": "Can view gestor cupon", "content_type": 17, "codename": "view_gestorcupon"}}, {"model": "auth.permission", "pk": 69, "fields": {"name": "Can add codigo qr", "content_type": 18, "codename": "add_codigoqr"}}, {"model": "auth.permission", "pk": 70, "fields": {"name": "Can change codigo qr", "content_type": 18, "codename": "change_codigoqr"}}, {"model": "auth.permission", "pk": 71, "fields": {"name": "Can delete codigo qr", "content_type": 18, "codename": "delete_codigoqr"}}, {"model": "auth.permission", "pk": 72, "fields": {"name": "Can view codigo qr", "content_type": 18, "codename": "view_codigoqr"}}, {"model": "auth.permission", "pk": 73, "fields": {"name": "Can add token", "content_type": 19, "codename": "add_token"}}, {"model": "auth.permission", "pk": 74, "fields": {"name": "Can change token", "content_type": 19, "codename": "change_token"}}, {"model": "auth.permission", "pk": 75, "fields": {"name": "Can delete token", "content_type": 19, "codename": "delete_token"}}, {"model": "auth.permission", "pk": 76, "fields": {"name": "Can view token", "content_type": 19, "codename": "view_token"}}, {"model": "auth.user", "pk": 1, "fields": {"password": "pbkdf2_sha256$870000$pTRWGMYR99KhjOGcjt4j1j$q044+gwVgy4g3K3Kd0BIRk43l9xHC99amLSj61Y1SEs=", "last_login": "2024-10-23T17:02:35.110Z", "is_superuser": true, "username": "daniel", "first_name": "", "last_name": "", "email": "danieltaype68@outlook.com", "is_staff": true, "is_active": true, "date_joined": "2024-10-23T16:53:34.284Z", "groups": [], "user_permissions": []}}, {"model": "contenttypes.contenttype", "pk": 1, "fields": {"app_label": "admin", "model": "logentry"}}, {"model": "contenttypes.contenttype", "pk": 2, "fields": {"app_label": "auth", "model": "permission"}}, {"model": "contenttypes.contenttype", "pk": 3, "fields": {"app_label": "auth", "model": "group"}}, {"model": "contenttypes.contenttype", "pk": 4, "fields": {"app_label": "auth", "model": "user"}}, {"model": "contenttypes.contenttype", "pk": 5, "fields": {"app_label": "contenttypes", "model": "contenttype"}}, {"model": "contenttypes.contenttype", "pk": 6, "fields": {"app_label": "sessions", "model": "session"}}, {"model": "contenttypes.contenttype", "pk": 7, "fields": {"app_label": "back", "model": "usuario"}}, {"model": "contenttypes.contenttype", "pk": 8, "fields": {"app_label": "back", "model": "plan"}}, {"model": "contenttypes.contenttype", "pk": 9, "fields": {"app_label": "back", "model": "pago"}}, {"model": "contenttypes.contenttype", "pk": 10, "fields": {"app_label": "back", "model": "cupon"}}, {"model": "contenttypes.contenttype", "pk": 11, "fields": {"app_label": "back", "model": "tipo_usuario"}}, {"model": "contenttypes.contenttype", "pk": 12, "fields": {"app_label": "back", "model": "trayectoria"}}, {"model": "contenttypes.contenttype", "pk": 13, "fields": {"app_label": "back", "model": "recojo"}}, {"model": "contenttypes.contenttype", "pk": 14, "fields": {"app_label": "back", "model": "gestorplan"}}, {"model": "contenttypes.contenttype", "pk": 15, "fields": {"app_label": "back", "model": "recojo_trayectoria"}}, {"model": "contenttypes.contenttype", "pk": 16, "fields": {"app_label": "back", "model": "codigoinvitacion"}}, {"model": "contenttypes.contenttype", "pk": 17, "fields": {"app_label": "back", "model": "gestorcupon"}}, {"model": "contenttypes.contenttype", "pk": 18, "fields": {"app_label": "back", "model": "codigoqr"}}, {"model": "contenttypes.contenttype", "pk": 19, "fields": {"app_label": "back", "model": "token"}}, {"model": "sessions.session", "pk": "bgg45yavcx7ihnqy2ebpjfws7gkbqxi3", "fields": {"session_data": ".eJxVjEEOwiAQRe_C2hDAkaEu3fcMBIZBqoYmpV0Z7y5NutDtf-_9t_BhW4vfGi9-SuIqtDj9bjHQk-sO0iPU-yxprusyRbkr8qBNjnPi1-1w_w5KaKXXwCoCDYAK8gUHC4a1NkjOBnQRMimNiju1DlI-W0STogIg0-2cWXy-uP829A:1t3its:dd3cFaMg4jaU3oJc-VX9y5AVzJW28mT1ASSFPkJGMIA", "expire_date": "2024-11-06T21:28:16.458Z"}}, {"model": "sessions.session", "pk": "bx5gue5idy93t39m66esrvrojl9gi5e9", "fields": {"session_data": ".eJxVjEEOwiAQRe_C2hDAkaEu3fcMBIZBqoYmpV0Z7y5NutDtf-_9t_BhW4vfGi9-SuIqtDj9bjHQk-sO0iPU-yxprusyRbkr8qBNjnPi1-1w_w5KaKXXwCoCDYAK8gUHC4a1NkjOBnQRMimNiju1DlI-W0STogIg0-2cWXy-uP829A:1t3ekl:_h2UbZUcYxpVFyRa6f2_i-TIpJZMQnvWTTY02dlkG90", "expire_date": "2024-11-06T17:02:35.113Z"}}, {"model": "sessions.session", "pk": "cbyu213swpbxg0rbpmrocezzbyypailw", "fields": {"session_data": ".eJxVjEEOwiAQRe_C2hDAkaEu3fcMBIZBqoYmpV0Z7y5NutDtf-_9t_BhW4vfGi9-SuIqtDj9bjHQk-sO0iPU-yxprusyRbkr8qBNjnPi1-1w_w5KaKXXwCoCDYAK8gUHC4a1NkjOBnQRMimNiju1DlI-W0STogIg0-2cWXy-uP829A:1t97GR:9zMPoE1uqDycfSERZ5wgcNVwXWvowDROdQyqIGs7kbU", "expire_date": "2024-11-21T18:29:51.798Z"}}, {"model": "back.tipo_usuario", "pk": 1, "fields": {"tipo": "Cliente"}}, {"model": "back.tipo_usuario", "pk": 2, "fields": {"tipo": "Administrador"}}, {"model": "back.usuario", "pk": 1, "fields": {"nombre": "Patrick", "apellido": "Leon", "direccion": "Av la Molina", "numero_contacto": "987456123", "DNI": "78945612", "genero": "Hombre", "email": "20211454@aloe.ulima.edu.pe", "contrasena": "hola1234", "puntaje_acumulado": 0, "tipousuario": 2}}, {"model": "back.usuario", "pk": 2, "fields": {"nombre": "Daniel", "apellido": "Taype", "direccion": "Av los Nogales 274", "numero_contacto": "920592000", "DNI": "72837648", "genero": "Hombre", "email": "20214404@aloe.ulima.edu.pe", "contrasena": "hola1234", "puntaje_acumulado": 1100, "tipousuario": 1}}, {"model": "back.cupon", "pk": 1, "fields": {"costo_puntos": 300, "local": "Burguer King", "descripcion": "!Aprovecha esta mega promo! Llevate un descuento de 15% por tan solo 300 puntos. Valido para consumir en salon", "descuento": 15.0, "imagen": "https://vidatos.com/wp-content/uploads/burger-king.webp", "disponibilidad": 5}}, {"model": "back.cupon", "pk": 2, "fields": {"costo_puntos": 500, "local": "KFC", "descripcion": "!Aprovecha esta mega promo! Llevate un descuento de 25% por tan solo 500 puntos. Valido para consumir en salon", "descuento": 25.0, "imagen": "https://deliveryenperu.com/wp-content/uploads/2021/11/KFC-Logo.png", "disponibilidad": 5}}, {"model": "back.cupon", "pk": 3, "fields": {"costo_puntos": 400, "local": "Bembos", "descripcion": "!Aprovecha esta mega promo! Llevate un descuento de 20% por tan solo 400 puntos. Valido para consumir en salon", "descuento": 20.0, "imagen": "https://encrypted-tbn0.gstatic.com/images?q=tbn:ANd9GcS035p3ZInM-nb2P8dygx2YMSFY_5XEk69msQ&s", "disponibilidad": 5}}, {"model": "back.cupon", "pk": 4, "fields": {"costo_puntos": 600, "local": "Milagros Spa", "descripcion": "!Aprovecha este descuento! Llevate un descuento de 20% por tan solo 600 puntos. Valido para consumir en salon", "descuento": 20.0, "imagen": "https://encrypted-tbn0.gstatic.com/images?q=tbn:ANd9GcQjJQ_A77D3grwtHTjTAVo33GotAv0VGbLooQ&s", "disponibilidad": 5}}, {"model": "back.gestorcupon", "pk": 13, "fields": {"usuario": 2, "cupon": 3, "url_qr": "https://verdeulima.com/qr/d71eb028-897e-4456-86e9-9debfd71471c", "fecha_canje": "2024-11-07"}}, {"model": "back.trayectoria", "pk": 1, "fields": {"estado": "1"}}, {"model": "back.trayectoria", "pk": 2, "fields": {"estado": "2"}}, {"model": "back.trayectoria", "pk": 3, "fields": {"estado": "3"}}, {"model": "back.trayectoria", "pk": 4, "fields": {"estado": "4"}}, {"model": "back.pago", "pk": 1, "fields": {"estado": "Completado", "metodo_pago": "Yape", "fecha_pago": "2024-10-23"}}, {"model": "back.plan", "pk": 1, "fields": {"nombre": "Plan Basico", "imagen": "https://irp.cdn-website.com/777d988b/dms3rep/multi/recoleccion-de-basura-programada-seredecom.jpg", "descripcion": "Plan de recoleccion basica.", "precio": 29.0, "aserrin": 1, "baldes": 1, "duracion": 30, "frecuencia_recojo": 1, "cantidad_compostaje": 1.0, "puntos_plan": 100}}, {"model": "back.plan", "pk": 2, "fields": {"nombre": "Plan Intermedio", "imagen": "https://irp.cdn-website.com/777d988b/dms3rep/multi/recoleccion-de-basura-programada-seredecom.jpg", "descripcion": "Plan de recoleccion intermedia.", "precio": 50.0, "aserrin": 1, "baldes": 1, "duracion": 30, "frecuencia_recojo": 2, "cantidad_compostaje": 2.0, "puntos_plan": 150}}, {"model": "back.plan", "pk": 3, "fields": {"nombre": "Plan Avanzado", "imagen": "https://irp.cdn-website.com/777d988b/dms3rep/multi/recoleccion-de-basura-programada-seredecom.jpg", "descripcion": "Plan de recoleccion avanzado.", "precio": 69.0, "aserrin": 1, "baldes": 1, "duracion": 30, "frecuencia_recojo": 4, "cantidad_compostaje": 4.0, "puntos_plan": 200}}, {"model": "back.plan", "pk": 4, "fields": {"nombre": "Plan Premium", "imagen": "https://irp.cdn-website.com/777d988b/dms3rep/multi/recoleccion-de-basura-programada-seredecom.jpg", "descripcion": "Plan de recoleccion premium.", "precio": 89.0, "aserrin": 2, "baldes": 2, "duracion": 30, "frecuencia_recojo": 4, "cantidad_compostaje": 8.0, "puntos_plan": 250}}, {"model": "back.gestorplan", "pk": 1, "fields": {"usuario": 2, "plan": 2, "pago": 1, "recojos_solicitados": 1}}, {"model": "back.recojo", "pk": 14, "fields": {"fecha_ingreso": "2024-11-07", "fecha_salida": "2024-11-07", "activo": false, "gestor_plan": 1}}, {"model": "back.recojo", "pk": 15, "fields": {"fecha_ingreso": "2024-11-07", "fecha_salida": null, "activo": false, "gestor_plan": 1}}, {"model": "back.recojo", "pk": 16, "fields": {"fecha_ingreso": "2024-11-07", "fecha_salida": null, "activo": false, "gestor_plan": 1}}, {"model": "back.recojo", "pk": 17, "fields": {"fecha_ingreso": "2024-11-07", "fecha_salida": null, "activo": false, "gestor_plan": 1}}, {"model": "back.recojo", "pk": 18, "fields": {"fecha_ingreso": "2024-11-07", "fecha_salida": null, "activo": false, "gestor_plan": 1}}, {"model": "back.recojo", "pk": 19, "fields": {"fecha_ingreso": "2024-11-07", "fecha_salida": null, "activo": false, "gestor_plan": 1}}, {"model": "back.recojo", "pk": 20, "fields": {"fecha_ingreso": "2024-11-07", "fecha_salida": null, "activo": false, "gestor_plan": 1}}, {"model": "back.recojo", "pk": 21, "fields": {"fecha_ingreso": "2024-11-07", "fecha_salida": null, "activo": false, "gestor_plan": 1}}, {"model": "back.recojo", "pk": 22, "fields": {"fecha_ingreso": "2024-11-07", "fecha_salida": "2024-11-07", "activo": false, "gestor_plan": 1}}, {"model": "back.recojo", "pk": 23, "fields": {"fecha_ingreso": "2024-11-07", "fecha_salida": null, "activo": false, "gestor_plan": 1}}, {"model": "back.recojo", "pk": 25, "fields": {"fecha_ingreso": "2024-11-07", "fecha_salida": "2024-11-07", "activo": false, "gestor_plan": 1}}, {"model": "back.recojo", "pk": 26, "fields": {"fecha_ingreso": "2024-11-07", "fecha_salida": null, "activo": false, "gestor_plan": 1}}, {"model": "back.recojo_trayectoria", "pk": 37, "fields": {"estado_ingreso": "2024-11-07T18:51:16Z", "recojo": 14, "trayectoria": 1, "administrador": null}}, {"model": "back.recojo_trayectoria", "pk": 38, "fields": {"estado_ingreso": "2024-11-07T18:52:17.839Z", "recojo": 14, "trayectoria": 2, "administrador": 1}}, {"model": "back.recojo_trayectoria", "pk": 39, "fields": {"estado_ingreso": "2024-11-07T18:52:19.766Z", "recojo": 14, "trayectoria": 3, "administrador": 1}}, {"model": "back.recojo_trayectoria", "pk": 40, "fields": {"estado_ingreso": "2024-11-07T18:52:21.568Z", "recojo": 14, "trayectoria": 4, "administrador": 1}}, {"model": "back.recojo_trayectoria", "pk": 41, "fields": {"estado_ingreso": "2024-11-07T18:57:00Z", "recojo": 15, "trayectoria": 1, "administrador": null}}, {"model": "back.recojo_trayectoria", "pk": 42, "fields": {"estado_ingreso": "2024-11-07T18:57:23.083Z", "recojo": 15, "trayectoria": 2, "administrador": 1}}, {"model": "back.recojo_trayectoria", "pk": 43, "fields": {"estado_ingreso": "2024-11-07T19:04:50Z", "recojo": 16, "trayectoria": 1, "administrador": null}}, {"model": "back.recojo_trayectoria", "pk": 44, "fields": {"estado_ingreso": "2024-11-07T19:05:07.531Z", "recojo": 16, "trayectoria": 2, "administrador": 1}}, {"model": "back.recojo_trayectoria", "pk": 45, "fields": {"estado_ingreso": "2024-11-07T19:06:53Z", "recojo": 17, "trayectoria": 1, "administrador": null}}, {"model": "back.recojo_trayectoria", "pk": 46, "fields": {"estado_ingreso": "2024-11-07T19:07:42Z", "recojo": 18, "trayectoria": 1, "administrador": null}}, {"model": "back.recojo_trayectoria", "pk": 47, "fields": {"estado_ingreso": "2024-11-07T19:09:50Z", "recojo": 19, "trayectoria": 1, "administrador": null}}, {"model": "back.recojo_trayectoria", "pk": 48, "fields": {"estado_ingreso": "2024-11-07T19:10:05.335Z", "recojo": 19, "trayectoria": 2, "administrador": 1}}, {"model": "back.recojo_trayectoria", "pk": 49, "fields": {"estado_ingreso": "2024-11-07T19:11:55Z", "recojo": 20, "trayectoria": 1, "administrador": null}}, {"model": "back.recojo_trayectoria", "pk": 50, "fields": {"estado_ingreso": "2024-11-07T19:12:13.355Z", "recojo": 20, "trayectoria": 2, "administrador": 1}}, {"model": "back.recojo_trayectoria", "pk": 51, "fields": {"estado_ingreso": "2024-11-07T19:13:44Z", "recojo": 21, "trayectoria": 1, "administrador": null}}, {"model": "back.recojo_trayectoria", "pk": 52, "fields": {"estado_ingreso": "2024-11-07T19:14:05Z", "recojo": 22, "trayectoria": 2, "administrador": 1}}, {"model": "back.recojo_trayectoria", "pk": 53, "fields": {"estado_ingreso": "2024-11-07T19:15:20.879Z", "recojo": 22, "trayectoria": 3, "administrador": 1}}, {"model": "back.recojo_trayectoria", "pk": 54, "fields": {"estado_ingreso": "2024-11-07T19:15:22.828Z", "recojo": 22, "trayectoria": 4, "administrador": 1}}, {"model": "back.recojo_trayectoria", "pk": 55, "fields": {"estado_ingreso": "2024-11-07T19:15:52Z", "recojo": 23, "trayectoria": 1, "administrador": null}}, {"model": "back.recojo_trayectoria", "pk": 56, "fields": {"estado_ingreso": "2024-11-07T19:16:17.673Z", "recojo": 23, "trayectoria": 2, "administrador": 1}}, {"model": "back.recojo_trayectoria", "pk": 59, "fields": {"estado_ingreso": "2024-11-07T19:18:05Z", "recojo": 25, "trayectoria": 1, "administrador": null}}, {"model": "back.recojo_trayectoria", "pk": 60, "fields": {"estado_ingreso": "2024-11-07T19:18:24.438Z", "recojo": 25, "trayectoria": 2, "administrador": 1}}, {"model": "back.recojo_trayectoria", "pk": 61, "fields": {"estado_ingreso": "2024-11-07T19:24:47.264Z", "recojo": 25, "trayectoria": 3, "administrador": 1}}, {"model": "back.recojo_trayectoria", "pk": 62, "fields": {"estado_ingreso": "2024-11-07T19:24:49.095Z", "recojo": 25, "trayectoria": 4, "administrador": 1}}, {"model": "back.recojo_trayectoria", "pk": 63, "fields": {"estado_ingreso": "2024-11-07T19:25:25Z", "recojo": 26, "trayectoria": 1, "administrador": null}}, {"model": "back.codigoinvitacion", "pk": 33, "fields": {"codigo": "ADNGSCTURA", "utilizado": false, "creado_por": 1, "fecha_creacion": "2024-11-07T18:51:56.600Z"}}, {"model": "back.codigoinvitacion", "pk": 34, "fields": {"codigo": "QB2RKX7MTG", "utilizado": false, "creado_por": 1, "fecha_creacion": "2024-11-07T18:52:06.470Z"}}]